url,moves,date,start_time_est,end_time_est,time_spent,link,time_control,time_class,rated,tcn,uuid,initial_setup,fen,rules,white_username,white_rating,white_result,white_metamoves,black_username,black_rating,black_result,black_metamoves,eco,my_username,my_rating,my_result,my_win_or_lose,my_metamoves,opp_username,opp_rating,opp_result,opp_metamoves,my_color,my_time_left,opp_time_left,my_num_moves,my_time_left_ratio,opp_time_left_ratio,my_moves,opp_moves,my_castling,opp_castling,en_passant_count,promotion_count,num_moves,rating_diff
https://www.chess.com/game/live/128389205011,"['e4', 'd5', 'Nc3', 'd4', 'Nd5', 'f5', 'exf5', 'Qxd5', 'Qf3', 'Qxf5', 'Qxf5', 'Bxf5', 'Nf3', 'Nc6', 'Bd3', 'Bxd3', 'cxd3', 'Nf6', 'O-O', 'O-O-O', 'b3', 'h5', 'Bb2', 'h4', 'Rac1', 'h3', 'Ng5', 'hxg2', 'Kxg2', 'Ng4', 'Rce1', 'Rd6', 'Ne6', 'Rxh2+', 'Kf3', 'Nce5+', 'Kf4', 'g5+', 'Nxg5', 'Rf6+', 'Ke4', 'Rh4', 'Rh1', 'Nxf2+', 'Kd5', 'c6+', 'Kc5', 'b6+', 'Kb4', 'e6+', 'Ka4', 'Kb7', 'Re4', 'Ka6', 'Rhxh4', 'b5#']",2024-12-19,18:24:29,18:36:45,736,https://www.chess.com/game/live/128389205011,10 + 0,rapid,False,mCZJbsJBsJ1LCL7JdvJLvL6Lgv5QftLtkt!Teg86jr3NcjNFacFxvMxogoTEce7RMS?povQKvD2MSMRTDCpFfhEnCJYQJIXPIz0Szy6XeCXOhFPH,d8e8a32d-be5f-11ef-a0e9-6cfe544c0428,rnbqkbnr/pppppppp/8/8/8/8/PPPPPPPP/RNBQKBNR w KQkq - 0 1,5b2/p7/k1p1pr2/1p2n1N1/K2pR2R/1P1P4/PB1P1n2/8 w - -,chess,kevinlol456,537,checkmated,"[('1', '0:10:00'), ('2', '0:09:55.6'), ('3', '0:09:39.8'), ('4', '0:09:37.3'), ('5', '0:09:27.5'), ('6', '0:09:26.1'), ('7', '0:09:24.8'), ('8', '0:09:21.5'), ('9', '0:09:18.7'), ('10', '0:09:16.5'), ('11', '0:08:05.9'), ('12', '0:07:49.5'), ('13', '0:07:33.8'), ('14', '0:07:01.6'), ('15', '0:06:58.4'), ('16', '0:06:44.2'), ('17', '0:06:23.1'), ('18', '0:05:39.7'), ('19', '0:04:37.8'), ('20', '0:03:47.3'), ('21', '0:02:25.2'), ('22', '0:02:06.2'), ('23', '0:02:40.9'), ('24', '0:03:23.5'), ('25', '0:02:42.8'), ('26', '0:02:42.9'), ('27', '0:02:13.7'), ('28', '0:01:31.8')]",EdwardL903,1989,win,"[('1', '0:10:00'), ('2', '0:09:57.8'), ('3', '0:09:44.2'), ('4', '0:09:38.3'), ('5', '0:09:34.8'), ('6', '0:09:34.7'), ('7', '0:09:33.3'), ('8', '0:09:30'), ('9', '0:09:29.4'), ('10', '0:09:27.9'), ('11', '0:09:21.4'), ('12', '0:09:18.8'), ('13', '0:09:15.2'), ('14', '0:09:07.8'), ('15', '0:09:06.3'), ('16', '0:09:00.7'), ('17', '0:08:37.6'), ('18', '0:08:29.8'), ('19', '0:08:09.1'), ('20', '0:07:59.8'), ('21', '0:07:45.6'), ('22', '0:07:37.1'), ('23', '0:07:23.7'), ('24', '0:06:57.1'), ('25', '0:06:43'), ('26', '0:06:26.5'), ('27', '0:06:26.4'), ('28', '0:06:26.3')]",Scandinavian-Defense,kevinlol456,537,checkmated,lose,"[('1', '0:10:00'), ('2', '0:09:55.6'), ('3', '0:09:39.8'), ('4', '0:09:37.3'), ('5', '0:09:27.5'), ('6', '0:09:26.1'), ('7', '0:09:24.8'), ('8', '0:09:21.5'), ('9', '0:09:18.7'), ('10', '0:09:16.5'), ('11', '0:08:05.9'), ('12', '0:07:49.5'), ('13', '0:07:33.8'), ('14', '0:07:01.6'), ('15', '0:06:58.4'), ('16', '0:06:44.2'), ('17', '0:06:23.1'), ('18', '0:05:39.7'), ('19', '0:04:37.8'), ('20', '0:03:47.3'), ('21', '0:02:25.2'), ('22', '0:02:06.2'), ('23', '0:02:40.9'), ('24', '0:03:23.5'), ('25', '0:02:42.8'), ('26', '0:02:42.9'), ('27', '0:02:13.7'), ('28', '0:01:31.8')]",EdwardL903,1989,win,"[('1', '0:10:00'), ('2', '0:09:57.8'), ('3', '0:09:44.2'), ('4', '0:09:38.3'), ('5', '0:09:34.8'), ('6', '0:09:34.7'), ('7', '0:09:33.3'), ('8', '0:09:30'), ('9', '0:09:29.4'), ('10', '0:09:27.9'), ('11', '0:09:21.4'), ('12', '0:09:18.8'), ('13', '0:09:15.2'), ('14', '0:09:07.8'), ('15', '0:09:06.3'), ('16', '0:09:00.7'), ('17', '0:08:37.6'), ('18', '0:08:29.8'), ('19', '0:08:09.1'), ('20', '0:07:59.8'), ('21', '0:07:45.6'), ('22', '0:07:37.1'), ('23', '0:07:23.7'), ('24', '0:06:57.1'), ('25', '0:06:43'), ('26', '0:06:26.5'), ('27', '0:06:26.4'), ('28', '0:06:26.3')]",white,91.8,386.3,28,0.153,0.6438333333333334,"['e4', 'Nc3', 'Nd5', 'exf5', 'Qf3', 'Qxf5', 'Nf3', 'Bd3', 'cxd3', 'O-O', 'b3', 'Bb2', 'Rac1', 'Ng5', 'Kxg2', 'Rce1', 'Ne6', 'Kf3', 'Kf4', 'Nxg5', 'Ke4', 'Rh1', 'Kd5', 'Kc5', 'Kb4', 'Ka4', 'Re4', 'Rhxh4']","['d5', 'd4', 'f5', 'Qxd5', 'Qxf5', 'Bxf5', 'Nc6', 'Bxd3', 'Nf6', 'O-O-O', 'h5', 'h4', 'h3', 'hxg2', 'Ng4', 'Rd6', 'Rxh2+', 'Nce5+', 'g5+', 'Rf6+', 'Rh4', 'Nxf2+', 'c6+', 'b6+', 'e6+', 'Kb7', 'Ka6', 'b5#']",kingside,queenside,0,0,56,-1452
https://www.chess.com/game/live/128683987499,"['d4', 'e5', 'c4', 'Nc6', 'Nf3', 'd6', 'dxe5', 'Nxe5', 'Bf4', 'Be6', 'Nxe5', 'Qh4', 'g3', 'Qh5', 'Nf3', 'O-O-O', 'e4', 'Qa5+', 'Nc3', 'Ne7', 'Ng5', 'd5', 'Nxe6', 'fxe6', 'exd5', 'c6', 'Qa4', 'Rxd5', 'cxd5', 'Qxa4', 'Nxa4', 'cxd5', 'Nc5', 'Nf5', 'Nxe6', 'Bb4+', 'Bd2', 'Re8', 'Rc1+', 'Kd7', 'Bb5+', 'Kxe6', 'Bxe8', 'Bc5', 'Rxc5', 'Ne7', 'O-O']",2024-12-23,04:11:40,04:29:36,1076,https://www.chess.com/game/live/128683987499,10 + 0,rapid,True,lB0KkA5QgvZRBKQKcD6SvK7FowFNKv86mCNGbs!0vMRJMS1SCJYQdy7JAJGysyQJyI0LIS9zDl?8ac6ZfHZSH8zIcIL0eg,d08c5d10-c10d-11ef-82f6-6cfe544c0428,rnbqkbnr/pppppppp/8/8/8/8/PPPPPPPP/RNBQKBNR w KQkq - 0 1,4B3/pp2n1pp/4k3/2Rp4/8/6P1/PP1B1P1P/5RK1 b - -,chess,KevinsCookie,885,win,"[('1', '0:10:00'), ('2', '0:09:57'), ('3', '0:09:50.7'), ('4', '0:09:31.7'), ('5', '0:09:26.1'), ('6', '0:08:57.8'), ('7', '0:08:39.6'), ('8', '0:07:16.5'), ('9', '0:06:11.6'), ('10', '0:05:46.9'), ('11', '0:05:31.5'), ('12', '0:05:01.3'), ('13', '0:04:53'), ('14', '0:03:39.5'), ('15', '0:03:34'), ('16', '0:03:32.7'), ('17', '0:03:21.5'), ('18', '0:02:44.3'), ('19', '0:02:37.8'), ('20', '0:02:24.9'), ('21', '0:02:22.7'), ('22', '0:02:21.4'), ('23', '0:02:19.2'), ('24', '0:02:15.3')]",kevinlol456,508,resigned,"[('1', '0:10:00'), ('2', '0:09:43.6'), ('3', '0:09:25.5'), ('4', '0:09:14.5'), ('5', '0:08:11.8'), ('6', '0:07:35.8'), ('7', '0:06:48.3'), ('8', '0:06:15.6'), ('9', '0:05:39'), ('10', '0:05:17.2'), ('11', '0:04:36.6'), ('12', '0:04:17.6'), ('13', '0:03:38.6'), ('14', '0:01:54.9'), ('15', '0:01:51'), ('16', '0:01:50.1'), ('17', '0:01:42.5'), ('18', '0:01:18.1'), ('19', '0:00:44.1'), ('20', '0:00:21.6'), ('21', '0:00:17.9'), ('22', '0:00:09'), ('23', '0:00:02.9')]",Englund-Gambit,kevinlol456,508,resigned,lose,"[('1', '0:10:00'), ('2', '0:09:43.6'), ('3', '0:09:25.5'), ('4', '0:09:14.5'), ('5', '0:08:11.8'), ('6', '0:07:35.8'), ('7', '0:06:48.3'), ('8', '0:06:15.6'), ('9', '0:05:39'), ('10', '0:05:17.2'), ('11', '0:04:36.6'), ('12', '0:04:17.6'), ('13', '0:03:38.6'), ('14', '0:01:54.9'), ('15', '0:01:51'), ('16', '0:01:50.1'), ('17', '0:01:42.5'), ('18', '0:01:18.1'), ('19', '0:00:44.1'), ('20', '0:00:21.6'), ('21', '0:00:17.9'), ('22', '0:00:09'), ('23', '0:00:02.9')]",KevinsCookie,885,win,"[('1', '0:10:00'), ('2', '0:09:57'), ('3', '0:09:50.7'), ('4', '0:09:31.7'), ('5', '0:09:26.1'), ('6', '0:08:57.8'), ('7', '0:08:39.6'), ('8', '0:07:16.5'), ('9', '0:06:11.6'), ('10', '0:05:46.9'), ('11', '0:05:31.5'), ('12', '0:05:01.3'), ('13', '0:04:53'), ('14', '0:03:39.5'), ('15', '0:03:34'), ('16', '0:03:32.7'), ('17', '0:03:21.5'), ('18', '0:02:44.3'), ('19', '0:02:37.8'), ('20', '0:02:24.9'), ('21', '0:02:22.7'), ('22', '0:02:21.4'), ('23', '0:02:19.2'), ('24', '0:02:15.3')]",black,2.9,135.3,23,0.004833333333333334,0.2255,"['e5', 'Nc6', 'd6', 'Nxe5', 'Be6', 'Qh4', 'Qh5', 'O-O-O', 'Qa5+', 'Ne7', 'd5', 'fxe6', 'c6', 'Rxd5', 'Qxa4', 'cxd5', 'Nf5', 'Bb4+', 'Re8', 'Kd7', 'Kxe6', 'Bc5', 'Ne7']","['d4', 'c4', 'Nf3', 'dxe5', 'Bf4', 'Nxe5', 'g3', 'Nf3', 'e4', 'Nc3', 'Ng5', 'Nxe6', 'exd5', 'Qa4', 'cxd5', 'Nxa4', 'Nc5', 'Nxe6', 'Bd2', 'Rc1+', 'Bb5+', 'Bxe8', 'Rxc5', 'O-O']",queenside,kingside,0,0,47,-377
https://www.chess.com/game/live/128685193141,"['e4', 'd5', 'd4', 'dxe4', 'Nd2', 'Qxd4', 'f4', 'Qe3+', 'Qe2', 'Qxf4', 'Qxe4', 'Qxe4+', 'Nxe4', 'Nc6', 'Be3', 'e5', 'Nf3', 'f6', 'O-O-O', 'Bg4', 'h3', 'Bxf3', 'gxf3', 'Nh6', 'Bc4', 'Nf5', 'Bd2', 'Ncd4', 'Rhg1', 'Nxf3', 'Rdf1', 'Nxg1', 'Rxg1', 'Nd4', 'b3', 'Ne2+', 'Bxe2', 'O-O-O', 'c4', 'Ba3+', 'Kc2', 'Rd4', 'Rxg7', 'Rxe4', 'Bd3', 'Rh4']",2024-12-23,04:31:47,04:49:32,1065,https://www.chess.com/game/live/128685193141,10 + 0,rapid,True,mCZJlBJCbl7BnDBudmuDmCDClC5Qcu0Kgv1Tec6EpxEvov!VfAVLulQBhgBvdfvgfgLBjrBmAm86kA9qck7Bg2BCmtCF,a8e174f6-c110-11ef-82f6-6cfe544c0428,rnbqkbnr/pppppppp/8/8/8/8/PPPPPPPP/RNBQKBNR w KQkq - 0 1,2k4r/ppp3Rp/5p2/4p3/2P4r/bP1B3P/P1KB4/8 w - -,chess,kevinlol456,490,timeout,"[('1', '0:10:00'), ('2', '0:09:48.8'), ('3', '0:09:36'), ('4', '0:08:33.4'), ('5', '0:07:52.9'), ('6', '0:07:48.2'), ('7', '0:07:44.7'), ('8', '0:07:30'), ('9', '0:07:16.3'), ('10', '0:07:13.4'), ('11', '0:07:06.3'), ('12', '0:07:04.8'), ('13', '0:06:32.8'), ('14', '0:05:54.1'), ('15', '0:05:15.9'), ('16', '0:03:36.1'), ('17', '0:03:32.9'), ('18', '0:02:51'), ('19', '0:02:26.6'), ('20', '0:01:59.8'), ('21', '0:01:48.4'), ('22', '0:00:31.1'), ('23', '0:00:04.8')]",KevinsCookie,928,win,"[('1', '0:10:00'), ('2', '0:09:57.3'), ('3', '0:09:43.7'), ('4', '0:09:05.9'), ('5', '0:08:57.4'), ('6', '0:08:26.6'), ('7', '0:08:03.1'), ('8', '0:07:40.9'), ('9', '0:07:21'), ('10', '0:06:58.8'), ('11', '0:06:56.1'), ('12', '0:06:42.1'), ('13', '0:06:11.3'), ('14', '0:05:25.9'), ('15', '0:04:55.4'), ('16', '0:04:34'), ('17', '0:04:25'), ('18', '0:03:42.9'), ('19', '0:03:35.1'), ('20', '0:03:30.3'), ('21', '0:02:56.5'), ('22', '0:02:46.1'), ('23', '0:02:26.9')]",Queens-Pawn-Opening,kevinlol456,490,timeout,lose,"[('1', '0:10:00'), ('2', '0:09:48.8'), ('3', '0:09:36'), ('4', '0:08:33.4'), ('5', '0:07:52.9'), ('6', '0:07:48.2'), ('7', '0:07:44.7'), ('8', '0:07:30'), ('9', '0:07:16.3'), ('10', '0:07:13.4'), ('11', '0:07:06.3'), ('12', '0:07:04.8'), ('13', '0:06:32.8'), ('14', '0:05:54.1'), ('15', '0:05:15.9'), ('16', '0:03:36.1'), ('17', '0:03:32.9'), ('18', '0:02:51'), ('19', '0:02:26.6'), ('20', '0:01:59.8'), ('21', '0:01:48.4'), ('22', '0:00:31.1'), ('23', '0:00:04.8')]",KevinsCookie,928,win,"[('1', '0:10:00'), ('2', '0:09:57.3'), ('3', '0:09:43.7'), ('4', '0:09:05.9'), ('5', '0:08:57.4'), ('6', '0:08:26.6'), ('7', '0:08:03.1'), ('8', '0:07:40.9'), ('9', '0:07:21'), ('10', '0:06:58.8'), ('11', '0:06:56.1'), ('12', '0:06:42.1'), ('13', '0:06:11.3'), ('14', '0:05:25.9'), ('15', '0:04:55.4'), ('16', '0:04:34'), ('17', '0:04:25'), ('18', '0:03:42.9'), ('19', '0:03:35.1'), ('20', '0:03:30.3'), ('21', '0:02:56.5'), ('22', '0:02:46.1'), ('23', '0:02:26.9')]",white,0.0,146.9,23,0.0,0.24483333333333335,"['e4', 'd4', 'Nd2', 'f4', 'Qe2', 'Qxe4', 'Nxe4', 'Be3', 'Nf3', 'O-O-O', 'h3', 'gxf3', 'Bc4', 'Bd2', 'Rhg1', 'Rdf1', 'Rxg1', 'b3', 'Bxe2', 'c4', 'Kc2', 'Rxg7', 'Bd3']","['d5', 'dxe4', 'Qxd4', 'Qe3+', 'Qxf4', 'Qxe4+', 'Nc6', 'e5', 'f6', 'Bg4', 'Bxf3', 'Nh6', 'Nf5', 'Ncd4', 'Nxf3', 'Nxg1', 'Nd4', 'Ne2+', 'O-O-O', 'Ba3+', 'Rd4', 'Rxe4', 'Rh4']",queenside,queenside,0,0,46,-438
https://www.chess.com/game/live/128686381877,"['d4', 'd5', 'e4', 'e6', 'Nc3', 'Nc6', 'Nf3', 'f5', 'exf5', 'Nf6', 'fxe6', 'Bxe6', 'Bg5', 'Ng8', 'Bxd8']",2024-12-23,04:50:08,04:54:01,233,https://www.chess.com/game/live/128686381877,10 + 0,rapid,True,lBZJmC0Sbs5Qgv1LCL!TLS6ScMT!M7,44a10fa5-c113-11ef-82f6-6cfe544c0428,rnbqkbnr/pppppppp/8/8/8/8/PPPPPPPP/RNBQKBNR w KQkq - 0 1,r2Bkbnr/ppp3pp/2n1b3/3p4/3P4/2N2N2/PPP2PPP/R2QKB1R b KQkq -,chess,KevinsCookie,810,agreed,"[('1', '0:10:00'), ('2', '0:09:58.7'), ('3', '0:09:47.2'), ('4', '0:09:22.5'), ('5', '0:09:07.8'), ('6', '0:08:45.4'), ('7', '0:08:24.1'), ('8', '0:08:22.1')]",kevinlol456,531,agreed,"[('1', '0:10:00'), ('2', '0:09:52.5'), ('3', '0:09:40.7'), ('4', '0:09:16.6'), ('5', '0:08:36.3'), ('6', '0:08:30.1'), ('7', '0:08:07.9')]",French-Defense,kevinlol456,531,agreed,lose,"[('1', '0:10:00'), ('2', '0:09:52.5'), ('3', '0:09:40.7'), ('4', '0:09:16.6'), ('5', '0:08:36.3'), ('6', '0:08:30.1'), ('7', '0:08:07.9')]",KevinsCookie,810,agreed,"[('1', '0:10:00'), ('2', '0:09:58.7'), ('3', '0:09:47.2'), ('4', '0:09:22.5'), ('5', '0:09:07.8'), ('6', '0:08:45.4'), ('7', '0:08:24.1'), ('8', '0:08:22.1')]",black,487.9,502.1,7,0.8131666666666666,0.8368333333333333,"['d5', 'e6', 'Nc6', 'f5', 'Nf6', 'Bxe6', 'Ng8']","['d4', 'e4', 'Nc3', 'Nf3', 'exf5', 'fxe6', 'Bg5', 'Bxd8']",none,none,0,0,15,-279
https://www.chess.com/game/live/128686425239,"['e4', 'd5', 'Nc3', 'dxe4', 'Nxe4', 'Nf6', 'Nc3', 'e5', 'Nf3', 'Nc6', 'd3', 'Bc5', 'Be3', 'Bxe3', 'fxe3', 'O-O', 'g3', 'Bg4', 'Bg2', 'Re8', 'h3', 'Be6', 'd4', 'e4', 'Ne5', 'Nxe5', 'dxe5', 'Nd5', 'Bxe4', 'Nxe3', 'Qe2', 'Qd4', 'Kf2', 'Nxc2+', 'Kf3', 'Nxa1', 'Rxa1', 'Bxh3', 'Rd1', 'Qxe5', 'g4', 'Qe6', 'Rh1', 'Bxg4+', 'Ke3', 'Bxe2', 'Kxe2', 'Qg4+', 'Kd3', 'Rad8+', 'Nd5', 'Qg3+', 'Kd4', 'Rxd5+', 'Kxd5', 'Qg5+', 'Kd4', 'Qe5+', 'Ke3', 'Qxe4+', 'Kf2', 'Qxh1', 'Kg3', 'Qf1', 'Kg4', 'Re6', 'Kg5', 'Rg6+', 'Kh5', 'Qh1#']",2024-12-23,04:54:37,05:14:08,1171,https://www.chess.com/game/live/128686425239,10 + 0,rapid,True,mCZJbsJCsC!TCs0Kgv5Qlt9IcuIunu8!ow6Efo98pxEStBKCvKQKBKTJoCJudm7BenuknvkahaSxadBKwEKSdhxEvuEmumSEmt47sJEwtB7JBJwMJBMKBuKCunChnwhfwE8SEMSUMNfh,e315f0fb-c113-11ef-82f6-6cfe544c0428,rnbqkbnr/pppppppp/8/8/8/8/PPPPPPPP/RNBQKBNR w KQkq - 0 1,6k1/ppp2ppp/6r1/7K/8/8/PP6/7q w - -,chess,kevinlol456,508,checkmated,"[('1', '0:10:00'), ('2', '0:09:30.1'), ('3', '0:09:27.4'), ('4', '0:09:16'), ('5', '0:09:11.5'), ('6', '0:08:50.6'), ('7', '0:08:41.1'), ('8', '0:08:37.6'), ('9', '0:08:24.3'), ('10', '0:08:10.4'), ('11', '0:08:03.3'), ('12', '0:07:47.6'), ('13', '0:07:30.5'), ('14', '0:07:28.2'), ('15', '0:07:16.9'), ('16', '0:06:34.6'), ('17', '0:05:19.9'), ('18', '0:04:42.5'), ('19', '0:04:35.3'), ('20', '0:04:03'), ('21', '0:03:22.6'), ('22', '0:02:46.1'), ('23', '0:02:05.7'), ('24', '0:02:04.2'), ('25', '0:01:59'), ('26', '0:01:54.5'), ('27', '0:01:31'), ('28', '0:01:25.9'), ('29', '0:00:43.5'), ('30', '0:00:33.8'), ('31', '0:00:31.3'), ('32', '0:00:28.1'), ('33', '0:00:26.6'), ('34', '0:00:26.2'), ('35', '0:00:23.2')]",KevinsCookie,856,win,"[('1', '0:10:00'), ('2', '0:09:43.8'), ('3', '0:09:37.6'), ('4', '0:09:26.7'), ('5', '0:09:23.3'), ('6', '0:09:17.9'), ('7', '0:08:59.6'), ('8', '0:08:15.1'), ('9', '0:07:54.6'), ('10', '0:07:29.7'), ('11', '0:06:38.4'), ('12', '0:06:07.6'), ('13', '0:05:51.7'), ('14', '0:05:37.3'), ('15', '0:05:17.1'), ('16', '0:04:35.6'), ('17', '0:04:21.2'), ('18', '0:03:47.5'), ('19', '0:03:36.5'), ('20', '0:02:58.9'), ('21', '0:02:07.2'), ('22', '0:01:56'), ('23', '0:01:53.1'), ('24', '0:01:47.8'), ('25', '0:01:32'), ('26', '0:01:11.9'), ('27', '0:00:49.6'), ('28', '0:00:44'), ('29', '0:00:40.1'), ('30', '0:00:38'), ('31', '0:00:36.5'), ('32', '0:00:30.8'), ('33', '0:00:29.4'), ('34', '0:00:23.7'), ('35', '0:00:23.3')]",Scandinavian-Defense,kevinlol456,508,checkmated,lose,"[('1', '0:10:00'), ('2', '0:09:30.1'), ('3', '0:09:27.4'), ('4', '0:09:16'), ('5', '0:09:11.5'), ('6', '0:08:50.6'), ('7', '0:08:41.1'), ('8', '0:08:37.6'), ('9', '0:08:24.3'), ('10', '0:08:10.4'), ('11', '0:08:03.3'), ('12', '0:07:47.6'), ('13', '0:07:30.5'), ('14', '0:07:28.2'), ('15', '0:07:16.9'), ('16', '0:06:34.6'), ('17', '0:05:19.9'), ('18', '0:04:42.5'), ('19', '0:04:35.3'), ('20', '0:04:03'), ('21', '0:03:22.6'), ('22', '0:02:46.1'), ('23', '0:02:05.7'), ('24', '0:02:04.2'), ('25', '0:01:59'), ('26', '0:01:54.5'), ('27', '0:01:31'), ('28', '0:01:25.9'), ('29', '0:00:43.5'), ('30', '0:00:33.8'), ('31', '0:00:31.3'), ('32', '0:00:28.1'), ('33', '0:00:26.6'), ('34', '0:00:26.2'), ('35', '0:00:23.2')]",KevinsCookie,856,win,"[('1', '0:10:00'), ('2', '0:09:43.8'), ('3', '0:09:37.6'), ('4', '0:09:26.7'), ('5', '0:09:23.3'), ('6', '0:09:17.9'), ('7', '0:08:59.6'), ('8', '0:08:15.1'), ('9', '0:07:54.6'), ('10', '0:07:29.7'), ('11', '0:06:38.4'), ('12', '0:06:07.6'), ('13', '0:05:51.7'), ('14', '0:05:37.3'), ('15', '0:05:17.1'), ('16', '0:04:35.6'), ('17', '0:04:21.2'), ('18', '0:03:47.5'), ('19', '0:03:36.5'), ('20', '0:02:58.9'), ('21', '0:02:07.2'), ('22', '0:01:56'), ('23', '0:01:53.1'), ('24', '0:01:47.8'), ('25', '0:01:32'), ('26', '0:01:11.9'), ('27', '0:00:49.6'), ('28', '0:00:44'), ('29', '0:00:40.1'), ('30', '0:00:38'), ('31', '0:00:36.5'), ('32', '0:00:30.8'), ('33', '0:00:29.4'), ('34', '0:00:23.7'), ('35', '0:00:23.3')]",white,23.2,23.3,35,0.03866666666666667,0.03883333333333334,"['e4', 'Nc3', 'Nxe4', 'Nc3', 'Nf3', 'd3', 'Be3', 'fxe3', 'g3', 'Bg2', 'h3', 'd4', 'Ne5', 'dxe5', 'Bxe4', 'Qe2', 'Kf2', 'Kf3', 'Rxa1', 'Rd1', 'g4', 'Rh1', 'Ke3', 'Kxe2', 'Kd3', 'Nd5', 'Kd4', 'Kxd5', 'Kd4', 'Ke3', 'Kf2', 'Kg3', 'Kg4', 'Kg5', 'Kh5']","['d5', 'dxe4', 'Nf6', 'e5', 'Nc6', 'Bc5', 'Bxe3', 'O-O', 'Bg4', 'Re8', 'Be6', 'e4', 'Nxe5', 'Nd5', 'Nxe3', 'Qd4', 'Nxc2+', 'Nxa1', 'Bxh3', 'Qxe5', 'Qe6', 'Bxg4+', 'Bxe2', 'Qg4+', 'Rad8+', 'Qg3+', 'Rxd5+', 'Qg5+', 'Qe5+', 'Qxe4+', 'Qxh1', 'Qf1', 'Re6', 'Rg6+', 'Qh1#']",none,kingside,0,0,70,-348
https://www.chess.com/game/live/128688161515,"['e4', 'c5', 'Nf3', 'e6', 'Bc4', 'd5', 'Bb5+', 'Bd7', 'Nc3', 'd4', 'Ne2', 'Bxb5']",2024-12-23,05:17:54,05:22:38,284,https://www.chess.com/game/live/128688161515,10 + 0,rapid,True,mCYIgv0SfAZJAH6ZbsJBsmZH,27b9a0b2-c117-11ef-82f6-6cfe544c0428,rnbqkbnr/pppppppp/8/8/8/8/PPPPPPPP/RNBQKBNR w KQkq - 0 1,rn1qkbnr/pp3ppp/4p3/1bp5/3pP3/5N2/PPPPNPPP/R1BQK2R w KQkq -,chess,kevinlol456,492,abandoned,"[('1', '0:10:00'), ('2', '0:09:38.2'), ('3', '0:09:27.1'), ('4', '0:09:18.9'), ('5', '0:09:11.4'), ('6', '0:08:36.4')]",KevinsCookie,885,win,"[('1', '0:10:00'), ('2', '0:09:45.3'), ('3', '0:09:35.1'), ('4', '0:09:13.1'), ('5', '0:08:41.4'), ('6', '0:07:55.5')]",Sicilian-Defense,kevinlol456,492,abandoned,lose,"[('1', '0:10:00'), ('2', '0:09:38.2'), ('3', '0:09:27.1'), ('4', '0:09:18.9'), ('5', '0:09:11.4'), ('6', '0:08:36.4')]",KevinsCookie,885,win,"[('1', '0:10:00'), ('2', '0:09:45.3'), ('3', '0:09:35.1'), ('4', '0:09:13.1'), ('5', '0:08:41.4'), ('6', '0:07:55.5')]",white,516.4,475.5,6,0.8606666666666666,0.7925,"['e4', 'Nf3', 'Bc4', 'Bb5+', 'Nc3', 'Ne2']","['c5', 'e6', 'd5', 'Bd7', 'd4', 'Bxb5']",none,none,0,0,12,-393
https://www.chess.com/game/live/128688216075,"['d4', 'd5', 'e4', 'dxe4', 'Bc4', 'c6', 'Nc3', 'Nd7', 'Nxe4', 'f6', 'd5', 'Nc5', 'Nxc5', 'Qd6', 'Be3']",2024-12-23,05:23:23,05:27:25,242,https://www.chess.com/game/live/128688216075,10 + 0,rapid,True,lBZJmCJCfAYQbs5ZsC1TBJZICI7Rcu,e815dcb1-c117-11ef-82f6-6cfe544c0428,rnbqkbnr/pppppppp/8/8/8/8/PPPPPPPP/RNBQKBNR w KQkq - 0 1,r1b1kbnr/pp2p1pp/2pq1p2/2NP4/2B5/4B3/PPP2PPP/R2QK1NR b KQkq -,chess,KevinsCookie,906,win,"[('1', '0:10:00'), ('2', '0:09:42.3'), ('3', '0:09:37.1'), ('4', '0:09:33'), ('5', '0:09:20.3'), ('6', '0:08:50.8'), ('7', '0:08:47.1'), ('8', '0:08:09.2')]",kevinlol456,479,abandoned,"[('1', '0:10:00'), ('2', '0:09:44.8'), ('3', '0:09:13.6'), ('4', '0:09:09.9'), ('5', '0:09:03.2'), ('6', '0:08:41.8'), ('7', '0:08:20')]",Queens-Pawn-Opening,kevinlol456,479,abandoned,lose,"[('1', '0:10:00'), ('2', '0:09:44.8'), ('3', '0:09:13.6'), ('4', '0:09:09.9'), ('5', '0:09:03.2'), ('6', '0:08:41.8'), ('7', '0:08:20')]",KevinsCookie,906,win,"[('1', '0:10:00'), ('2', '0:09:42.3'), ('3', '0:09:37.1'), ('4', '0:09:33'), ('5', '0:09:20.3'), ('6', '0:08:50.8'), ('7', '0:08:47.1'), ('8', '0:08:09.2')]",black,500.0,489.2,7,0.8333333333333334,0.8153333333333334,"['d5', 'dxe4', 'c6', 'Nd7', 'f6', 'Nc5', 'Qd6']","['d4', 'e4', 'Bc4', 'Nc3', 'Nxe4', 'd5', 'Nxc5', 'Be3']",none,none,0,0,15,-427
https://www.chess.com/game/live/128688761571,"['e4', 'd5', 'Nc3', 'Nf6', 'd3', 'e5', 'f3', 'Bb4', 'b3', 'Bxc3+', 'Ke2', 'Bxa1', 'Qd2', 'dxe4', 'c3', 'exf3+', 'Kxf3', 'Bg4+', 'Kf2', 'Bb2', 'Bxb2', 'Ne4+', 'Ke1', 'Nxd2', 'Kxd2', 'O-O', 'Be2', 'Bxe2', 'Kxe2', 'Nc6', 'Nf3', 'Re8', 'c4', 'Nd4+', 'Nxd4', 'exd4+', 'Kd2', 'Re3', 'Bxd4', 'Qxd4', 'Re1', 'Rxe1', 'Kxe1', 'Re8+', 'Kd2', 'Qe3+', 'Kc3', 'Qe1+', 'Kd4', 'Qa1+', 'Kc5', 'Qxa2', 'b4', 'Qxg2', 'b5', 'b6+', 'Kb4', 'Qxh2', 'c5', 'Qd2+', 'Kc4', 'Qc1+', 'Kd5', 'Qxc5#']",2024-12-23,05:27:58,05:40:32,754,https://www.chess.com/game/live/128688761571,10 + 0,rapid,True,mCZJbs!Tlt0Knv9zjrzsemsadlJCksCvmv6EvnajcjTCneClel8!fmEmlm5Qgv98sAQBvBKBml8ujB7Bheuele48elBulsuesBeaBIairziozHXPIzopAIplzAlcAJcI,8c1e0d0a-c118-11ef-82f6-6cfe544c0428,rnbqkbnr/pppppppp/8/8/8/8/PPPPPPPP/RNBQKBNR w KQkq - 0 1,4r1k1/p1p2ppp/1p6/1PqK4/8/3P4/8/8 w - -,chess,kevinlol456,469,checkmated,"[('1', '0:10:00'), ('2', '0:09:55.3'), ('3', '0:09:50.5'), ('4', '0:09:47.3'), ('5', '0:09:21.4'), ('6', '0:08:56'), ('7', '0:08:26.5'), ('8', '0:08:19.2'), ('9', '0:08:16.2'), ('10', '0:08:05.6'), ('11', '0:07:49.3'), ('12', '0:07:41.3'), ('13', '0:07:40.3'), ('14', '0:07:31.4'), ('15', '0:07:26.1'), ('16', '0:07:19.5'), ('17', '0:07:08.2'), ('18', '0:07:00.4'), ('19', '0:06:52.2'), ('20', '0:06:46.3'), ('21', '0:06:37.6'), ('22', '0:06:36.7'), ('23', '0:06:35.7'), ('24', '0:06:35.6'), ('25', '0:06:19.3'), ('26', '0:06:17.4'), ('27', '0:06:15.4'), ('28', '0:05:50.4'), ('29', '0:05:43.3'), ('30', '0:05:38.8'), ('31', '0:05:32.6'), ('32', '0:05:29')]",KevinsCookie,923,win,"[('1', '0:10:00'), ('2', '0:09:54.9'), ('3', '0:09:42.5'), ('4', '0:08:45.9'), ('5', '0:08:42.1'), ('6', '0:08:29.2'), ('7', '0:08:21.4'), ('8', '0:08:13'), ('9', '0:08:07.9'), ('10', '0:07:32.6'), ('11', '0:07:15.8'), ('12', '0:07:13.7'), ('13', '0:06:50.2'), ('14', '0:06:02.5'), ('15', '0:05:44.3'), ('16', '0:04:56.4'), ('17', '0:04:37.9'), ('18', '0:04:22.8'), ('19', '0:04:10.4'), ('20', '0:04:07.7'), ('21', '0:04:00.8'), ('22', '0:03:59.2'), ('23', '0:03:56.8'), ('24', '0:03:42.8'), ('25', '0:03:34.1'), ('26', '0:03:18'), ('27', '0:02:58'), ('28', '0:02:51'), ('29', '0:02:47.2'), ('30', '0:02:40.1'), ('31', '0:02:27.9'), ('32', '0:02:13.6')]",Alekhines-Defense,kevinlol456,469,checkmated,lose,"[('1', '0:10:00'), ('2', '0:09:55.3'), ('3', '0:09:50.5'), ('4', '0:09:47.3'), ('5', '0:09:21.4'), ('6', '0:08:56'), ('7', '0:08:26.5'), ('8', '0:08:19.2'), ('9', '0:08:16.2'), ('10', '0:08:05.6'), ('11', '0:07:49.3'), ('12', '0:07:41.3'), ('13', '0:07:40.3'), ('14', '0:07:31.4'), ('15', '0:07:26.1'), ('16', '0:07:19.5'), ('17', '0:07:08.2'), ('18', '0:07:00.4'), ('19', '0:06:52.2'), ('20', '0:06:46.3'), ('21', '0:06:37.6'), ('22', '0:06:36.7'), ('23', '0:06:35.7'), ('24', '0:06:35.6'), ('25', '0:06:19.3'), ('26', '0:06:17.4'), ('27', '0:06:15.4'), ('28', '0:05:50.4'), ('29', '0:05:43.3'), ('30', '0:05:38.8'), ('31', '0:05:32.6'), ('32', '0:05:29')]",KevinsCookie,923,win,"[('1', '0:10:00'), ('2', '0:09:54.9'), ('3', '0:09:42.5'), ('4', '0:08:45.9'), ('5', '0:08:42.1'), ('6', '0:08:29.2'), ('7', '0:08:21.4'), ('8', '0:08:13'), ('9', '0:08:07.9'), ('10', '0:07:32.6'), ('11', '0:07:15.8'), ('12', '0:07:13.7'), ('13', '0:06:50.2'), ('14', '0:06:02.5'), ('15', '0:05:44.3'), ('16', '0:04:56.4'), ('17', '0:04:37.9'), ('18', '0:04:22.8'), ('19', '0:04:10.4'), ('20', '0:04:07.7'), ('21', '0:04:00.8'), ('22', '0:03:59.2'), ('23', '0:03:56.8'), ('24', '0:03:42.8'), ('25', '0:03:34.1'), ('26', '0:03:18'), ('27', '0:02:58'), ('28', '0:02:51'), ('29', '0:02:47.2'), ('30', '0:02:40.1'), ('31', '0:02:27.9'), ('32', '0:02:13.6')]",white,329.0,133.6,32,0.5483333333333333,0.22266666666666665,"['e4', 'Nc3', 'd3', 'f3', 'b3', 'Ke2', 'Qd2', 'c3', 'Kxf3', 'Kf2', 'Bxb2', 'Ke1', 'Kxd2', 'Be2', 'Kxe2', 'Nf3', 'c4', 'Nxd4', 'Kd2', 'Bxd4', 'Re1', 'Kxe1', 'Kd2', 'Kc3', 'Kd4', 'Kc5', 'b4', 'b5', 'Kb4', 'c5', 'Kc4', 'Kd5']","['d5', 'Nf6', 'e5', 'Bb4', 'Bxc3+', 'Bxa1', 'dxe4', 'exf3+', 'Bg4+', 'Bb2', 'Ne4+', 'Nxd2', 'O-O', 'Bxe2', 'Nc6', 'Re8', 'Nd4+', 'exd4+', 'Re3', 'Qxd4', 'Rxe1', 'Re8+', 'Qe3+', 'Qe1+', 'Qa1+', 'Qxa2', 'Qxg2', 'b6+', 'Qxh2', 'Qd2+', 'Qc1+', 'Qxc5#']",none,kingside,0,0,64,-454
https://www.chess.com/game/live/121655086236,"['e4', 'e5', 'Nf3', 'f6', 'Bc4', 'Ne7', 'd3', 'd5', 'Bxd5', 'c6']",2024-12-23,10:00:04,10:02:15,131,https://www.chess.com/game/live/121655086236,3 + 0,blitz,True,mC0Kgv1TfA!0ltZJAJYQ,9577e38c-c13e-11ef-a3b8-d3148b01000f,rnbqkbnr/pppppppp/8/8/8/8/PPPPPPPP/RNBQKBNR w KQkq - 0 1,rnbqkb1r/pp2n1pp/2p2p2/3Bp3/4P3/3P1N2/PPP2PPP/RNBQK2R w KQkq -,chess,kevinlol456,146,abandoned,"[('1', '0:02:58.5'), ('2', '0:02:57.4'), ('3', '0:02:47.3'), ('4', '0:02:26.4'), ('5', '0:02:25')]",sacandavian-alekhine,266,win,"[('1', '0:02:44.9'), ('2', '0:02:40.8'), ('3', '0:02:28.3'), ('4', '0:02:20.5'), ('5', '0:02:12.8')]",Kings-Pawn-Opening,kevinlol456,146,abandoned,lose,"[('1', '0:02:58.5'), ('2', '0:02:57.4'), ('3', '0:02:47.3'), ('4', '0:02:26.4'), ('5', '0:02:25')]",sacandavian-alekhine,266,win,"[('1', '0:02:44.9'), ('2', '0:02:40.8'), ('3', '0:02:28.3'), ('4', '0:02:20.5'), ('5', '0:02:12.8')]",white,145.0,132.8,5,0.8055555555555556,0.7377777777777779,"['e4', 'Nf3', 'Bc4', 'd3', 'Bxd5']","['e5', 'f6', 'Ne7', 'd5', 'c6']",none,none,0,0,10,-120
https://www.chess.com/game/live/121687540650,"['e4', 'd5', 'Nc3', 'Nf6', 'Nf3', 'c6', 'd3', 'Nbd7', 'Be3', 'g6', 'Qd2', 'e6', 'O-O-O', 'h6', 'Bd4', 'c5', 'Be3', 'Bd6', 'd4', 'g5', 'Nb5', 'Nxe4', 'Qe2', 'a6', 'Nxd6+', 'Kf8', 'Nxc8', 'Qxc8', 'h4', 'Rg8', 'g3', 'b6', 'hxg5', 'hxg5', 'Nxg5', 'cxd4', 'Nxe4', 'dxe3', 'Qxe3', 'dxe4', 'Qxe4', 'b5', 'Rh7', 'Nf6', 'Qh4', 'Rg4', 'Qh6+', 'Ke7', 'Qh2', 'Qc7']",2024-12-25,20:24:10,20:44:18,1208,https://www.chess.com/game/live/121687540650,10 + 0,rapid,True,mCZJbs!TgvYQlt5Zcu2Udl0Sec3VuBQIBu9RtBUMsHTClmWOHR89R676pF?!owXPFMVMvMIBMCBumuJCuCPHh3ZTCF!EFV90Vp6Y,f1fae2b5-c25e-11ef-aa66-6dda8e01000f,rnbqkbnr/pppppppp/8/8/8/8/PPPPPPPP/RNBQKBNR w KQkq - 0 1,r7/2q1kp1R/p3pn2/1p6/6r1/6P1/PPP2P1Q/2KR1B2 w - -,chess,moppio,475,timeout,"[('1', '0:09:57.6'), ('2', '0:09:29.1'), ('3', '0:09:19.8'), ('4', '0:09:16.3'), ('5', '0:08:52.6'), ('6', '0:08:42.3'), ('7', '0:08:31.6'), ('8', '0:07:57.6'), ('9', '0:06:37.5'), ('10', '0:06:26.7'), ('11', '0:06:19.6'), ('12', '0:05:02.3'), ('13', '0:02:51'), ('14', '0:02:45'), ('15', '0:02:03'), ('16', '0:01:33.9'), ('17', '0:01:19'), ('18', '0:00:59.2'), ('19', '0:00:45.2'), ('20', '0:00:43.5'), ('21', '0:00:42.8'), ('22', '0:00:36.3'), ('23', '0:00:27.4'), ('24', '0:00:22.3'), ('25', '0:00:00.3')]",kevinlol456,518,win,"[('1', '0:09:54.1'), ('2', '0:09:46.7'), ('3', '0:09:23.5'), ('4', '0:09:18.8'), ('5', '0:08:39.3'), ('6', '0:08:03.7'), ('7', '0:07:32.8'), ('8', '0:07:01'), ('9', '0:06:46.6'), ('10', '0:05:00.7'), ('11', '0:03:40.5'), ('12', '0:03:10.4'), ('13', '0:02:51.9'), ('14', '0:02:50.8'), ('15', '0:02:08.5'), ('16', '0:01:35.6'), ('17', '0:01:31.6'), ('18', '0:01:03.7'), ('19', '0:00:56.1'), ('20', '0:00:53.9'), ('21', '0:00:41.5'), ('22', '0:00:27.3'), ('23', '0:00:19.3'), ('24', '0:00:08.3'), ('25', '0:00:05.4')]",Alekhines-Defense,kevinlol456,518,win,win,"[('1', '0:09:54.1'), ('2', '0:09:46.7'), ('3', '0:09:23.5'), ('4', '0:09:18.8'), ('5', '0:08:39.3'), ('6', '0:08:03.7'), ('7', '0:07:32.8'), ('8', '0:07:01'), ('9', '0:06:46.6'), ('10', '0:05:00.7'), ('11', '0:03:40.5'), ('12', '0:03:10.4'), ('13', '0:02:51.9'), ('14', '0:02:50.8'), ('15', '0:02:08.5'), ('16', '0:01:35.6'), ('17', '0:01:31.6'), ('18', '0:01:03.7'), ('19', '0:00:56.1'), ('20', '0:00:53.9'), ('21', '0:00:41.5'), ('22', '0:00:27.3'), ('23', '0:00:19.3'), ('24', '0:00:08.3'), ('25', '0:00:05.4')]",moppio,475,timeout,"[('1', '0:09:57.6'), ('2', '0:09:29.1'), ('3', '0:09:19.8'), ('4', '0:09:16.3'), ('5', '0:08:52.6'), ('6', '0:08:42.3'), ('7', '0:08:31.6'), ('8', '0:07:57.6'), ('9', '0:06:37.5'), ('10', '0:06:26.7'), ('11', '0:06:19.6'), ('12', '0:05:02.3'), ('13', '0:02:51'), ('14', '0:02:45'), ('15', '0:02:03'), ('16', '0:01:33.9'), ('17', '0:01:19'), ('18', '0:00:59.2'), ('19', '0:00:45.2'), ('20', '0:00:43.5'), ('21', '0:00:42.8'), ('22', '0:00:36.3'), ('23', '0:00:27.4'), ('24', '0:00:22.3'), ('25', '0:00:00.3')]",black,5.4,0.0,25,0.009000000000000001,0.0,"['d5', 'Nf6', 'c6', 'Nbd7', 'g6', 'e6', 'h6', 'c5', 'Bd6', 'g5', 'Nxe4', 'a6', 'Kf8', 'Qxc8', 'Rg8', 'b6', 'hxg5', 'cxd4', 'dxe3', 'dxe4', 'b5', 'Nf6', 'Rg4', 'Ke7', 'Qc7']","['e4', 'Nc3', 'Nf3', 'd3', 'Be3', 'Qd2', 'O-O-O', 'Bd4', 'Be3', 'd4', 'Nb5', 'Qe2', 'Nxd6+', 'Nxc8', 'h4', 'g3', 'hxg5', 'Nxg5', 'Nxe4', 'Qxe3', 'Qxe4', 'Rh7', 'Qh4', 'Qh6+', 'Qh2']",none,queenside,0,0,50,43
https://www.chess.com/game/live/121687766614,"['e4', 'e5', 'Nf3', 'd6', 'Nc3', 'Nf6', 'd4', 'exd4', 'Nd5', 'Nxd5', 'exd5']",2024-12-25,20:46:26,20:47:25,59,https://www.chess.com/game/live/121687766614,3 + 0,blitz,True,mC0KgvZRbs!TlBKBsJTJCJ,0db95ce3-c262-11ef-8893-df8f3801000f,rnbqkbnr/pppppppp/8/8/8/8/PPPPPPPP/RNBQKBNR w KQkq - 0 1,rnbqkb1r/ppp2ppp/3p4/3P4/3p4/5N2/PPP2PPP/R1BQKB1R b KQkq -,chess,kevinlol456,229,win,"[('1', '0:02:59.2'), ('2', '0:02:57.7'), ('3', '0:02:52.6'), ('4', '0:02:51.1'), ('5', '0:02:37.4'), ('6', '0:02:36.7')]",yellowcow3,150,resigned,"[('1', '0:02:57'), ('2', '0:02:55.1'), ('3', '0:02:43.2'), ('4', '0:02:40.9'), ('5', '0:02:39.1')]",Philidor-Defense,kevinlol456,229,win,win,"[('1', '0:02:59.2'), ('2', '0:02:57.7'), ('3', '0:02:52.6'), ('4', '0:02:51.1'), ('5', '0:02:37.4'), ('6', '0:02:36.7')]",yellowcow3,150,resigned,"[('1', '0:02:57'), ('2', '0:02:55.1'), ('3', '0:02:43.2'), ('4', '0:02:40.9'), ('5', '0:02:39.1')]",white,156.7,159.1,6,0.8705555555555555,0.8838888888888888,"['e4', 'Nf3', 'Nc3', 'd4', 'Nd5', 'exd5']","['e5', 'd6', 'Nf6', 'exd4', 'Nxd5']",none,none,0,0,11,79
https://www.chess.com/game/live/121687779082,"['e4', 'e5', 'Qh5', 'Nf6', 'Qxe5+', 'Qe7', 'Qg3', 'd6', 'Bb5+', 'c6', 'e5', 'Qxe5+', 'Qxe5+', 'dxe5', 'Bf1', 'Bf5', 'Nf3', 'Nbd7', 'Bd3', 'g6', 'Bf1', 'Nc5', 'd4', 'exd4', 'Nxd4', 'O-O-O', 'Nxf5', 'gxf5', 'Bg5', 'Be7', 'Nc3', 'h6', 'Be3', 'Nd5', 'Nxd5', 'cxd5', 'O-O-O', 'b6', 'Kb1', 'f6', 'h3', 'Rd7', 'Bxc5', 'bxc5', 'Ba6+', 'Kc7', 'Rhe1', 'Kb6', 'Bc8', 'Rxc8', 'g4', 'fxg4', 'hxg4', 'Kc6', 'f4', 'Kd6', 'Rg1', 'd4', 'g5', 'hxg5', 'fxg5', 'fxg5', 'c3', 'Ke5', 'cxd4+', 'cxd4', 'Rge1+', 'Kd5', 'a4', 'g4', 'Rg1', 'Rg8', 'b4', 'g3', 'a5', 'Rg7', 'b5', 'Bb4', 'b6', 'Bxa5', 'bxa7', 'Rxa7', 'Rd3', 'Rab7+', 'Kc2', 'Rbc7+', 'Kb3', 'Bd2', 'Rxd2', 'Rcd7', 'Rd3', 'Rb7+', 'Kc2', 'Rb6', 'Rdxg3', 'Rxg3', 'Rxg3', 'Re6', 'Rg5+', 'Re5', 'Rxe5+', 'Kxe5', 'Kd3']",2024-12-25,20:47:49,21:03:11,922,https://www.chess.com/game/live/121687779082,10 + 0,rapid,True,mC0KdN!TNK70KwZRfHYQCK0KwKRKHf6Lgv5Zft2UtfZIlBKBvB86BLULcM90bs3VMuTJsJQJecXPcb1Tpx7ZuIPIfO6YheYPO6?6oELExEPQnDQRegJBEMVMDMTMksRKsBIBgeKJiyMEeg6!jzEwyG!2zH0zHPzGPWZWdtWXbkXYkrGltlYZltZXrkXPtw2wgwPSwMSKMKJKkt,395d8b30-c262-11ef-aa66-6dda8e01000f,rnbqkbnr/pppppppp/8/8/8/8/PPPPPPPP/RNBQKBNR w KQkq - 0 1,8/8/8/4k3/3p4/3K4/8/8 b - -,chess,Manogna-sai-shiva,530,timevsinsufficient,"[('1', '0:09:56.4'), ('2', '0:09:52.7'), ('3', '0:09:44.8'), ('4', '0:09:38.2'), ('5', '0:09:34.9'), ('6', '0:09:29.9'), ('7', '0:09:23.6'), ('8', '0:09:21.2'), ('9', '0:09:17.2'), ('10', '0:09:09.6'), ('11', '0:09:03.9'), ('12', '0:08:51.2'), ('13', '0:08:50'), ('14', '0:08:47'), ('15', '0:08:44'), ('16', '0:08:35.5'), ('17', '0:08:28.6'), ('18', '0:08:24'), ('19', '0:08:18'), ('20', '0:08:05.3'), ('21', '0:07:44.8'), ('22', '0:07:30'), ('23', '0:07:28.5'), ('24', '0:07:25.4'), ('25', '0:07:21.2'), ('26', '0:07:15'), ('27', '0:07:13.2'), ('28', '0:07:07.3'), ('29', '0:06:57.2'), ('30', '0:06:55.3'), ('31', '0:06:53.9'), ('32', '0:06:50.6'), ('33', '0:06:48.8'), ('34', '0:06:47.3'), ('35', '0:06:42.3'), ('36', '0:06:31.1'), ('37', '0:06:26.5'), ('38', '0:06:23.6'), ('39', '0:06:19.5'), ('40', '0:06:06'), ('41', '0:06:04.3'), ('42', '0:05:51.8'), ('43', '0:05:47.8'), ('44', '0:05:42.8'), ('45', '0:05:33.8'), ('46', '0:05:21.8'), ('47', '0:05:19.1'), ('48', '0:05:13.2'), ('49', '0:05:11.4'), ('50', '0:05:09.7'), ('51', '0:05:06.1'), ('52', '0:05:04.6')]",kevinlol456,519,timevsinsufficient,"[('1', '0:09:57.9'), ('2', '0:09:47.7'), ('3', '0:09:35.8'), ('4', '0:09:14.2'), ('5', '0:09:10'), ('6', '0:08:58.6'), ('7', '0:08:57.6'), ('8', '0:08:38.8'), ('9', '0:08:35.6'), ('10', '0:08:30.3'), ('11', '0:08:10.3'), ('12', '0:08:08.5'), ('13', '0:07:56.1'), ('14', '0:07:54.8'), ('15', '0:07:49.1'), ('16', '0:07:42.5'), ('17', '0:06:30.2'), ('18', '0:06:27.5'), ('19', '0:05:45.5'), ('20', '0:05:28.5'), ('21', '0:05:04.3'), ('22', '0:05:00'), ('23', '0:04:58.7'), ('24', '0:04:53.6'), ('25', '0:04:47.4'), ('26', '0:04:42.8'), ('27', '0:04:26.4'), ('28', '0:04:14.2'), ('29', '0:04:05.2'), ('30', '0:04:00.3'), ('31', '0:03:59.4'), ('32', '0:03:54.2'), ('33', '0:03:52.8'), ('34', '0:03:32.4'), ('35', '0:03:25.3'), ('36', '0:03:13.7'), ('37', '0:03:12'), ('38', '0:02:38.8'), ('39', '0:02:28.9'), ('40', '0:02:27.3'), ('41', '0:02:23.2'), ('42', '0:02:10.4'), ('43', '0:01:27.2'), ('44', '0:01:12.3'), ('45', '0:00:37.1'), ('46', '0:00:22.5'), ('47', '0:00:17.7'), ('48', '0:00:15.2'), ('49', '0:00:09'), ('50', '0:00:07.5'), ('51', '0:00:06.5')]",Kings-Pawn-Opening,kevinlol456,519,timevsinsufficient,draw,"[('1', '0:09:57.9'), ('2', '0:09:47.7'), ('3', '0:09:35.8'), ('4', '0:09:14.2'), ('5', '0:09:10'), ('6', '0:08:58.6'), ('7', '0:08:57.6'), ('8', '0:08:38.8'), ('9', '0:08:35.6'), ('10', '0:08:30.3'), ('11', '0:08:10.3'), ('12', '0:08:08.5'), ('13', '0:07:56.1'), ('14', '0:07:54.8'), ('15', '0:07:49.1'), ('16', '0:07:42.5'), ('17', '0:06:30.2'), ('18', '0:06:27.5'), ('19', '0:05:45.5'), ('20', '0:05:28.5'), ('21', '0:05:04.3'), ('22', '0:05:00'), ('23', '0:04:58.7'), ('24', '0:04:53.6'), ('25', '0:04:47.4'), ('26', '0:04:42.8'), ('27', '0:04:26.4'), ('28', '0:04:14.2'), ('29', '0:04:05.2'), ('30', '0:04:00.3'), ('31', '0:03:59.4'), ('32', '0:03:54.2'), ('33', '0:03:52.8'), ('34', '0:03:32.4'), ('35', '0:03:25.3'), ('36', '0:03:13.7'), ('37', '0:03:12'), ('38', '0:02:38.8'), ('39', '0:02:28.9'), ('40', '0:02:27.3'), ('41', '0:02:23.2'), ('42', '0:02:10.4'), ('43', '0:01:27.2'), ('44', '0:01:12.3'), ('45', '0:00:37.1'), ('46', '0:00:22.5'), ('47', '0:00:17.7'), ('48', '0:00:15.2'), ('49', '0:00:09'), ('50', '0:00:07.5'), ('51', '0:00:06.5')]",Manogna-sai-shiva,530,timevsinsufficient,"[('1', '0:09:56.4'), ('2', '0:09:52.7'), ('3', '0:09:44.8'), ('4', '0:09:38.2'), ('5', '0:09:34.9'), ('6', '0:09:29.9'), ('7', '0:09:23.6'), ('8', '0:09:21.2'), ('9', '0:09:17.2'), ('10', '0:09:09.6'), ('11', '0:09:03.9'), ('12', '0:08:51.2'), ('13', '0:08:50'), ('14', '0:08:47'), ('15', '0:08:44'), ('16', '0:08:35.5'), ('17', '0:08:28.6'), ('18', '0:08:24'), ('19', '0:08:18'), ('20', '0:08:05.3'), ('21', '0:07:44.8'), ('22', '0:07:30'), ('23', '0:07:28.5'), ('24', '0:07:25.4'), ('25', '0:07:21.2'), ('26', '0:07:15'), ('27', '0:07:13.2'), ('28', '0:07:07.3'), ('29', '0:06:57.2'), ('30', '0:06:55.3'), ('31', '0:06:53.9'), ('32', '0:06:50.6'), ('33', '0:06:48.8'), ('34', '0:06:47.3'), ('35', '0:06:42.3'), ('36', '0:06:31.1'), ('37', '0:06:26.5'), ('38', '0:06:23.6'), ('39', '0:06:19.5'), ('40', '0:06:06'), ('41', '0:06:04.3'), ('42', '0:05:51.8'), ('43', '0:05:47.8'), ('44', '0:05:42.8'), ('45', '0:05:33.8'), ('46', '0:05:21.8'), ('47', '0:05:19.1'), ('48', '0:05:13.2'), ('49', '0:05:11.4'), ('50', '0:05:09.7'), ('51', '0:05:06.1'), ('52', '0:05:04.6')]",black,0.0,0.0,51,0.0,0.0,"['e5', 'Nf6', 'Qe7', 'd6', 'c6', 'Qxe5+', 'dxe5', 'Bf5', 'Nbd7', 'g6', 'Nc5', 'exd4', 'O-O-O', 'gxf5', 'Be7', 'h6', 'Nd5', 'cxd5', 'b6', 'f6', 'Rd7', 'bxc5', 'Kc7', 'Kb6', 'Rxc8', 'fxg4', 'Kc6', 'Kd6', 'd4', 'hxg5', 'fxg5', 'Ke5', 'cxd4', 'Kd5', 'g4', 'Rg8', 'g3', 'Rg7', 'Bb4', 'Bxa5', 'Rxa7', 'Rab7+', 'Rbc7+', 'Bd2', 'Rcd7', 'Rb7+', 'Rb6', 'Rxg3', 'Re6', 'Re5', 'Kxe5']","['e4', 'Qh5', 'Qxe5+', 'Qg3', 'Bb5+', 'e5', 'Qxe5+', 'Bf1', 'Nf3', 'Bd3', 'Bf1', 'd4', 'Nxd4', 'Nxf5', 'Bg5', 'Nc3', 'Be3', 'Nxd5', 'O-O-O', 'Kb1', 'h3', 'Bxc5', 'Ba6+', 'Rhe1', 'Bc8', 'g4', 'hxg4', 'f4', 'Rg1', 'g5', 'fxg5', 'c3', 'cxd4+', 'Rge1+', 'a4', 'Rg1', 'b4', 'a5', 'b5', 'b6', 'bxa7', 'Rd3', 'Kc2', 'Kb3', 'Rxd2', 'Rd3', 'Kc2', 'Rdxg3', 'Rxg3', 'Rg5+', 'Rxe5+', 'Kd3']",queenside,queenside,0,0,103,-11
https://www.chess.com/game/live/121687951570,[],2024-12-25,21:04:41,21:04:41,0,https://www.chess.com/game/live/121687951570,10 + 0,rapid,True,,983283c6-c264-11ef-8893-df8f3801000f,rnbqkbnr/pppppppp/8/8/8/8/PPPPPPPP/RNBQKBNR w KQkq - 0 1,rnbqkbnr/pppppppp/8/8/8/8/PPPPPPPP/RNBQKBNR w KQkq -,chess,kevinlol456,559,win,[],LarryCouch6969,533,resigned,[],No Opening,kevinlol456,559,win,win,[],LarryCouch6969,533,resigned,[],white,0.0,0.0,0,0.0,0.0,[],[],none,none,0,0,0,26
https://www.chess.com/game/live/121687953868,"['e4', 'd5', 'exd5', 'Nf6', 'Bc4', 'c6', 'dxc6', 'bxc6', 'Nf3', 'Ba6', 'Bxa6', 'Nxa6', 'O-O', 'e6', 'Ne5', 'Nc7', 'Nxc6', 'Qd6', 'Qf3', 'Nfd5', 'c4', 'Qxc6', 'cxd5', 'Qxd5', 'Nc3', 'Bc5', 'd4', 'Bxd4', 'Nxd5', 'exd5', 'Bf4', 'O-O', 'Bxc7', 'Bxb2', 'Rad1', 'Rfc8', 'Rd2', 'Rxc7', 'Rxb2', 'f6', 'Qxd5+', 'Kf8', 'Qxa8+', 'Rc8', 'Rb8', 'Rxb8', 'Qxb8+', 'Kf7', 'Qxa7+', 'Kg6', 'f4', 'h6', 'g3', 'h5', 'h4', 'f5', 'Qa6+', 'Kh7', 'a4', 'g6', 'a5', 'Kh6', 'Qb6']",2024-12-25,21:04:47,21:11:35,408,https://www.chess.com/game/live/121687953868,10 + 0,rapid,True,mCZJCJ!TfAYQJQXQgv6OAO5Oeg0SvKOYKQ7RdvTJkARQAJQJbs9IlBIBsJSJcD8!DYBjad96dl6Ylj1TvJ!9J4Y6j56545915W1UnD3VowVNpFTLWOU3iy2UyG3VOP,a0749e0a-c264-11ef-aa66-6dda8e01000f,rnbqkbnr/pppppppp/8/8/8/8/PPPPPPPP/RNBQKBNR w KQkq - 0 1,8/8/1Q4pk/P4p1p/5P1P/6P1/8/5RK1 b - -,chess,hahahakdog29,584,win,"[('1', '0:09:59.9'), ('2', '0:09:54.8'), ('3', '0:09:46.4'), ('4', '0:09:40.2'), ('5', '0:09:35.7'), ('6', '0:09:31.6'), ('7', '0:09:28.4'), ('8', '0:09:24.1'), ('9', '0:09:16.2'), ('10', '0:09:11.8'), ('11', '0:08:59.5'), ('12', '0:08:57.5'), ('13', '0:08:51.2'), ('14', '0:08:39.4'), ('15', '0:08:34.8'), ('16', '0:08:26.5'), ('17', '0:08:23.2'), ('18', '0:08:10.6'), ('19', '0:08:03.5'), ('20', '0:08:00.7'), ('21', '0:07:56.3'), ('22', '0:07:52.2'), ('23', '0:07:49.5'), ('24', '0:07:47.3'), ('25', '0:07:45.5'), ('26', '0:07:41.8'), ('27', '0:07:40.7'), ('28', '0:07:39.4'), ('29', '0:07:37.2'), ('30', '0:07:35.6'), ('31', '0:07:34.5'), ('32', '0:07:31.5')]",kevinlol456,526,resigned,"[('1', '0:09:51.1'), ('2', '0:09:45.1'), ('3', '0:09:37.6'), ('4', '0:09:36.2'), ('5', '0:09:23.7'), ('6', '0:09:22.9'), ('7', '0:09:11.1'), ('8', '0:08:57'), ('9', '0:08:40.9'), ('10', '0:08:21.6'), ('11', '0:08:19.1'), ('12', '0:08:18.5'), ('13', '0:07:51.6'), ('14', '0:07:25.6'), ('15', '0:07:23'), ('16', '0:07:20.8'), ('17', '0:06:53.5'), ('18', '0:06:43.7'), ('19', '0:06:42.9'), ('20', '0:06:33.7'), ('21', '0:06:27.8'), ('22', '0:06:26.5'), ('23', '0:06:23.4'), ('24', '0:06:23.1'), ('25', '0:06:22.8'), ('26', '0:06:21.1'), ('27', '0:06:19.8'), ('28', '0:06:17.5'), ('29', '0:06:09.3'), ('30', '0:06:07.9'), ('31', '0:06:07.2')]",Scandinavian-Defense,kevinlol456,526,resigned,lose,"[('1', '0:09:51.1'), ('2', '0:09:45.1'), ('3', '0:09:37.6'), ('4', '0:09:36.2'), ('5', '0:09:23.7'), ('6', '0:09:22.9'), ('7', '0:09:11.1'), ('8', '0:08:57'), ('9', '0:08:40.9'), ('10', '0:08:21.6'), ('11', '0:08:19.1'), ('12', '0:08:18.5'), ('13', '0:07:51.6'), ('14', '0:07:25.6'), ('15', '0:07:23'), ('16', '0:07:20.8'), ('17', '0:06:53.5'), ('18', '0:06:43.7'), ('19', '0:06:42.9'), ('20', '0:06:33.7'), ('21', '0:06:27.8'), ('22', '0:06:26.5'), ('23', '0:06:23.4'), ('24', '0:06:23.1'), ('25', '0:06:22.8'), ('26', '0:06:21.1'), ('27', '0:06:19.8'), ('28', '0:06:17.5'), ('29', '0:06:09.3'), ('30', '0:06:07.9'), ('31', '0:06:07.2')]",hahahakdog29,584,win,"[('1', '0:09:59.9'), ('2', '0:09:54.8'), ('3', '0:09:46.4'), ('4', '0:09:40.2'), ('5', '0:09:35.7'), ('6', '0:09:31.6'), ('7', '0:09:28.4'), ('8', '0:09:24.1'), ('9', '0:09:16.2'), ('10', '0:09:11.8'), ('11', '0:08:59.5'), ('12', '0:08:57.5'), ('13', '0:08:51.2'), ('14', '0:08:39.4'), ('15', '0:08:34.8'), ('16', '0:08:26.5'), ('17', '0:08:23.2'), ('18', '0:08:10.6'), ('19', '0:08:03.5'), ('20', '0:08:00.7'), ('21', '0:07:56.3'), ('22', '0:07:52.2'), ('23', '0:07:49.5'), ('24', '0:07:47.3'), ('25', '0:07:45.5'), ('26', '0:07:41.8'), ('27', '0:07:40.7'), ('28', '0:07:39.4'), ('29', '0:07:37.2'), ('30', '0:07:35.6'), ('31', '0:07:34.5'), ('32', '0:07:31.5')]",black,367.2,451.5,31,0.612,0.7525,"['d5', 'Nf6', 'c6', 'bxc6', 'Ba6', 'Nxa6', 'e6', 'Nc7', 'Qd6', 'Nfd5', 'Qxc6', 'Qxd5', 'Bc5', 'Bxd4', 'exd5', 'O-O', 'Bxb2', 'Rfc8', 'Rxc7', 'f6', 'Kf8', 'Rc8', 'Rxb8', 'Kf7', 'Kg6', 'h6', 'h5', 'f5', 'Kh7', 'g6', 'Kh6']","['e4', 'exd5', 'Bc4', 'dxc6', 'Nf3', 'Bxa6', 'O-O', 'Ne5', 'Nxc6', 'Qf3', 'c4', 'cxd5', 'Nc3', 'd4', 'Nxd5', 'Bf4', 'Bxc7', 'Rad1', 'Rd2', 'Rxb2', 'Qxd5+', 'Qxa8+', 'Rb8', 'Qxb8+', 'Qxa7+', 'f4', 'g3', 'h4', 'Qa6+', 'a4', 'a5', 'Qb6']",kingside,kingside,0,0,63,-58
https://www.chess.com/game/live/121698411670,"['e4', 'e5', 'Nf3', 'Nf6', 'd3', 'd6', 'Nc3', 'Bg4', 'h3', 'Bh5', 'Be3']",2024-12-25,09:26:07,09:28:59,172,https://www.chess.com/game/live/121698411670,10 + 0,rapid,True,mC0Kgv!TltZRbs6EpxENcu,2d283080-c2cc-11ef-aa66-6dda8e01000f,rnbqkbnr/pppppppp/8/8/8/8/PPPPPPPP/RNBQKBNR w KQkq - 0 1,rn1qkb1r/ppp2ppp/3p1n2/4p2b/4P3/2NPBN1P/PPP2PP1/R2QKB1R b KQkq -,chess,kevinlol456,556,win,"[('1', '0:09:58.7'), ('2', '0:09:54'), ('3', '0:09:43.5'), ('4', '0:09:27.4'), ('5', '0:09:07.3'), ('6', '0:08:38.6')]",Bobby2bats,501,abandoned,"[('1', '0:09:59.1'), ('2', '0:09:57.7'), ('3', '0:09:53.2'), ('4', '0:09:51.6'), ('5', '0:09:43.9')]",Kings-Pawn-Opening,kevinlol456,556,win,win,"[('1', '0:09:58.7'), ('2', '0:09:54'), ('3', '0:09:43.5'), ('4', '0:09:27.4'), ('5', '0:09:07.3'), ('6', '0:08:38.6')]",Bobby2bats,501,abandoned,"[('1', '0:09:59.1'), ('2', '0:09:57.7'), ('3', '0:09:53.2'), ('4', '0:09:51.6'), ('5', '0:09:43.9')]",white,518.6,583.9,6,0.8643333333333334,0.9731666666666666,"['e4', 'Nf3', 'd3', 'Nc3', 'h3', 'Be3']","['e5', 'Nf6', 'd6', 'Bg4', 'Bh5']",none,none,0,0,11,55
https://www.chess.com/game/live/121698474494,"['Nf3', 'd5', 'e3', 'f6', 'b3', 'e5', 'Bb2', 'Nc6', 'Be2', 'Nge7', 'O-O', 'g6', 'Bb5', 'f5', 'Bxe5', 'Rg8', 'Bxc6+', 'bxc6', 'Bb2', 'Bh6', 'Qe2', 'Qd6', 'Rd1', 'd4', 'Bxd4', 'c5', 'Be5', 'Qe6', 'd4', 'cxd4', 'Qd2', 'Ba6', 'Bxd4', 'O-O-O', 'Qa5', 'Nc6', 'Qa3', 'g5', 'Nbd2', 'g4', 'Nh4', 'Bg5', 'Qxa6+', 'Kd7', 'g3', 'Nb4', 'Qa4+', 'Qc6', 'Qxb4', 'Rg7', 'Bxg7']",2024-12-25,09:29:31,09:41:03,692,https://www.chess.com/game/live/121698474494,10 + 0,rapid,True,gvZJmu1Tjr0Kcj5Qfm!0eg2UmHTLjK?!HQXQKj9Vdm7RfdJBjBQIBKRSlBIBml6OKB86lG0QGqUMblMEvFVMqO6ZowQzOySQyz!2B2,a4ebf9eb-c2cc-11ef-8893-df8f3801000f,rnbqkbnr/pppppppp/8/8/8/8/PPPPPPPP/RNBQKBNR w KQkq - 0 1,3r4/p1pk2Bp/2q5/5pb1/1Q4pN/1P2P1P1/P1PN1P1P/R2R2K1 b - -,chess,parandippp,574,win,"[('1', '0:09:57.5'), ('2', '0:09:54.1'), ('3', '0:09:53.1'), ('4', '0:09:53'), ('5', '0:09:45.3'), ('6', '0:09:44'), ('7', '0:09:31.1'), ('8', '0:09:26.1'), ('9', '0:09:22.6'), ('10', '0:09:21.2'), ('11', '0:09:11'), ('12', '0:09:10'), ('13', '0:09:00.2'), ('14', '0:08:57.5'), ('15', '0:08:46.8'), ('16', '0:08:45.3'), ('17', '0:08:42.3'), ('18', '0:08:22.5'), ('19', '0:08:04.4'), ('20', '0:07:59.8'), ('21', '0:07:41'), ('22', '0:06:57.9'), ('23', '0:06:17.7'), ('24', '0:06:11.8'), ('25', '0:06:07.9'), ('26', '0:06:05.8')]",kevinlol456,528,resigned,"[('1', '0:09:50.4'), ('2', '0:09:38.6'), ('3', '0:09:36.1'), ('4', '0:09:34.2'), ('5', '0:09:17.5'), ('6', '0:09:02.1'), ('7', '0:08:46.9'), ('8', '0:08:08.1'), ('9', '0:08:07.1'), ('10', '0:08:02'), ('11', '0:07:33.5'), ('12', '0:07:21.1'), ('13', '0:07:01.9'), ('14', '0:06:50.2'), ('15', '0:06:39.1'), ('16', '0:06:18.8'), ('17', '0:06:12'), ('18', '0:05:47.9'), ('19', '0:05:22.9'), ('20', '0:05:08.2'), ('21', '0:04:42.7'), ('22', '0:04:23.5'), ('23', '0:03:38.6'), ('24', '0:03:17.1'), ('25', '0:02:42.9')]",Reti-Opening,kevinlol456,528,resigned,lose,"[('1', '0:09:50.4'), ('2', '0:09:38.6'), ('3', '0:09:36.1'), ('4', '0:09:34.2'), ('5', '0:09:17.5'), ('6', '0:09:02.1'), ('7', '0:08:46.9'), ('8', '0:08:08.1'), ('9', '0:08:07.1'), ('10', '0:08:02'), ('11', '0:07:33.5'), ('12', '0:07:21.1'), ('13', '0:07:01.9'), ('14', '0:06:50.2'), ('15', '0:06:39.1'), ('16', '0:06:18.8'), ('17', '0:06:12'), ('18', '0:05:47.9'), ('19', '0:05:22.9'), ('20', '0:05:08.2'), ('21', '0:04:42.7'), ('22', '0:04:23.5'), ('23', '0:03:38.6'), ('24', '0:03:17.1'), ('25', '0:02:42.9')]",parandippp,574,win,"[('1', '0:09:57.5'), ('2', '0:09:54.1'), ('3', '0:09:53.1'), ('4', '0:09:53'), ('5', '0:09:45.3'), ('6', '0:09:44'), ('7', '0:09:31.1'), ('8', '0:09:26.1'), ('9', '0:09:22.6'), ('10', '0:09:21.2'), ('11', '0:09:11'), ('12', '0:09:10'), ('13', '0:09:00.2'), ('14', '0:08:57.5'), ('15', '0:08:46.8'), ('16', '0:08:45.3'), ('17', '0:08:42.3'), ('18', '0:08:22.5'), ('19', '0:08:04.4'), ('20', '0:07:59.8'), ('21', '0:07:41'), ('22', '0:06:57.9'), ('23', '0:06:17.7'), ('24', '0:06:11.8'), ('25', '0:06:07.9'), ('26', '0:06:05.8')]",black,162.9,365.8,25,0.2715,0.6096666666666667,"['d5', 'f6', 'e5', 'Nc6', 'Nge7', 'g6', 'f5', 'Rg8', 'bxc6', 'Bh6', 'Qd6', 'd4', 'c5', 'Qe6', 'cxd4', 'Ba6', 'O-O-O', 'Nc6', 'g5', 'g4', 'Bg5', 'Kd7', 'Nb4', 'Qc6', 'Rg7']","['Nf3', 'e3', 'b3', 'Bb2', 'Be2', 'O-O', 'Bb5', 'Bxe5', 'Bxc6+', 'Bb2', 'Qe2', 'Rd1', 'Bxd4', 'Be5', 'd4', 'Qd2', 'Bxd4', 'Qa5', 'Qa3', 'Nbd2', 'Nh4', 'Qxa6+', 'g3', 'Qa4+', 'Qxb4', 'Bxg7']",queenside,kingside,0,0,51,-46
https://www.chess.com/game/live/121698734612,"['e4', 'b6', 'Nf3', 'Bb7', 'd3', 'd5', 'Nc3', 'Nf6', 'Be2', 'dxe4', 'O-O', 'exf3', 'gxf3', 'e5']",2024-12-25,09:43:16,09:45:18,122,https://www.chess.com/game/live/121698734612,10 + 0,rapid,True,mCXPgv6XltZJbs!TfmJCegCvov0K,935b4be0-c2ce-11ef-aa66-6dda8e01000f,rnbqkbnr/pppppppp/8/8/8/8/PPPPPPPP/RNBQKBNR w KQkq - 0 1,rn1qkb1r/pbp2ppp/1p3n2/4p3/8/2NP1P2/PPP1BP1P/R1BQ1RK1 w kq e6,chess,kevinlol456,503,resigned,"[('1', '0:09:56.5'), ('2', '0:09:50.3'), ('3', '0:09:43.2'), ('4', '0:09:35.1'), ('5', '0:09:06.6'), ('6', '0:08:56.9'), ('7', '0:08:56.1')]",Spion_lamina,559,win,"[('1', '0:09:57.4'), ('2', '0:09:55.2'), ('3', '0:09:52.2'), ('4', '0:09:47.7'), ('5', '0:09:36.4'), ('6', '0:09:29.2'), ('7', '0:09:19.8')]",Owens-Defense,kevinlol456,503,resigned,lose,"[('1', '0:09:56.5'), ('2', '0:09:50.3'), ('3', '0:09:43.2'), ('4', '0:09:35.1'), ('5', '0:09:06.6'), ('6', '0:08:56.9'), ('7', '0:08:56.1')]",Spion_lamina,559,win,"[('1', '0:09:57.4'), ('2', '0:09:55.2'), ('3', '0:09:52.2'), ('4', '0:09:47.7'), ('5', '0:09:36.4'), ('6', '0:09:29.2'), ('7', '0:09:19.8')]",white,536.1,559.8,7,0.8935000000000001,0.9329999999999999,"['e4', 'Nf3', 'd3', 'Nc3', 'Be2', 'O-O', 'gxf3']","['b6', 'Bb7', 'd5', 'Nf6', 'dxe4', 'exf3', 'e5']",kingside,none,0,0,14,-56
https://www.chess.com/game/live/129068565813,"['e4', 'e5', 'Nf3', 'Bc5', 'd4', 'exd4', 'Bc4', 'Nf6', 'Nxd4', 'Nxe4', 'f3', 'Qh4+', 'g3', 'Nxg3', 'Nf5', 'Nxf5+', 'Ke2', 'Qf2+', 'Kd3', 'Nc6', 'Qf1', 'Nb4+', 'Kc3', 'Qxc2#']",2024-12-27,14:57:54,15:02:49,295,https://www.chess.com/game/live/129068565813,10 + 0,rapid,False,mC0Kgv9IlBKBfA!TvBTCnv7FowCwBLwLemFnmt5QdfQztsnk,d71eccc5-c48c-11ef-82f6-6cfe544c0428,rnbqkbnr/pppppppp/8/8/8/8/PPPPPPPP/RNBQKBNR w KQkq - 0 1,r1b1k2r/pppp1ppp/8/2b2n2/1nB5/2K2P2/PPq4P/RNB2Q1R w kq -,chess,kevinlol456,503,checkmated,"[('1', '0:10:00'), ('2', '0:09:57.3'), ('3', '0:09:43.8'), ('4', '0:09:08.6'), ('5', '0:08:53.3'), ('6', '0:08:20.1'), ('7', '0:08:15.2'), ('8', '0:08:02.9'), ('9', '0:07:38.3'), ('10', '0:07:33.3'), ('11', '0:07:17.5'), ('12', '0:07:07.7')]",EdwardL903,1981,win,"[('1', '0:10:00'), ('2', '0:09:58.9'), ('3', '0:09:48.2'), ('4', '0:09:36.8'), ('5', '0:09:28.5'), ('6', '0:09:17.5'), ('7', '0:09:14.9'), ('8', '0:08:56'), ('9', '0:08:49'), ('10', '0:08:25.2'), ('11', '0:08:10.7'), ('12', '0:08:03.5')]",Kings-Pawn-Opening,kevinlol456,503,checkmated,lose,"[('1', '0:10:00'), ('2', '0:09:57.3'), ('3', '0:09:43.8'), ('4', '0:09:08.6'), ('5', '0:08:53.3'), ('6', '0:08:20.1'), ('7', '0:08:15.2'), ('8', '0:08:02.9'), ('9', '0:07:38.3'), ('10', '0:07:33.3'), ('11', '0:07:17.5'), ('12', '0:07:07.7')]",EdwardL903,1981,win,"[('1', '0:10:00'), ('2', '0:09:58.9'), ('3', '0:09:48.2'), ('4', '0:09:36.8'), ('5', '0:09:28.5'), ('6', '0:09:17.5'), ('7', '0:09:14.9'), ('8', '0:08:56'), ('9', '0:08:49'), ('10', '0:08:25.2'), ('11', '0:08:10.7'), ('12', '0:08:03.5')]",white,427.7,483.5,12,0.7128333333333333,0.8058333333333333,"['e4', 'Nf3', 'd4', 'Bc4', 'Nxd4', 'f3', 'g3', 'Nf5', 'Ke2', 'Kd3', 'Qf1', 'Kc3']","['e5', 'Bc5', 'exd4', 'Nf6', 'Nxe4', 'Qh4+', 'Nxg3', 'Nxf5+', 'Qf2+', 'Nc6', 'Nb4+', 'Qxc2#']",none,none,0,0,24,-1478
https://www.chess.com/game/live/129068629999,"['e4', 'e5', 'Bc4', 'Bb4', 'Qh5', 'g6', 'Qxe5+', 'Qe7', 'Qxh8', 'Kf8', 'Nf3', 'd5', 'Bxd5', 'Nd7', 'c3', 'Nc5', 'cxb4', 'b5', 'bxc5', 'Be6', 'Bxa8', 'Qxc5', 'O-O', 'Bc4', 'd3', 'g5', 'Bxg5', 'h6', 'Bxh6+', 'Ke7', 'Qxg8', 'Bxd3', 'Bd5', 'b4', 'Qxf7+', 'Kd6', 'Qe6#']",2024-12-27,15:03:16,15:11:50,514,https://www.chess.com/game/live/129068629999,10 + 0,rapid,False,mC0KfA9zdN2UNK70K?89gvZJAJ5ZksZIszXHzI6SJ40IegSAltUMcM3VMV90?!At4JHz!10R1S,94e827ff-c48d-11ef-82f6-6cfe544c0428,rnbqkbnr/pppppppp/8/8/8/8/PPPPPPPP/RNBQKBNR w KQkq - 0 1,8/p1p5/3kQ2B/2qB4/1p2P3/3b1N2/PP3PPP/RN3RK1 b - -,chess,EdwardL903,1981,win,"[('1', '0:10:00'), ('2', '0:09:57.4'), ('3', '0:09:52.8'), ('4', '0:09:49.5'), ('5', '0:09:46.2'), ('6', '0:09:33.3'), ('7', '0:09:25.4'), ('8', '0:09:15.9'), ('9', '0:08:59.5'), ('10', '0:08:49.7'), ('11', '0:08:43.6'), ('12', '0:08:34.3'), ('13', '0:08:19.3'), ('14', '0:08:12'), ('15', '0:08:03.4'), ('16', '0:07:54.4'), ('17', '0:07:46.3'), ('18', '0:07:40.1'), ('19', '0:07:38.5')]",kevinlol456,503,checkmated,"[('1', '0:10:00'), ('2', '0:09:49.4'), ('3', '0:09:45'), ('4', '0:09:38.6'), ('5', '0:09:21.1'), ('6', '0:08:55.5'), ('7', '0:08:45'), ('8', '0:08:32.4'), ('9', '0:07:57.7'), ('10', '0:07:30.4'), ('11', '0:07:10.2'), ('12', '0:06:59.4'), ('13', '0:06:28'), ('14', '0:04:38.3'), ('15', '0:04:29.1'), ('16', '0:04:24.8'), ('17', '0:04:00.8'), ('18', '0:03:57')]",Bishops-Opening,kevinlol456,503,checkmated,lose,"[('1', '0:10:00'), ('2', '0:09:49.4'), ('3', '0:09:45'), ('4', '0:09:38.6'), ('5', '0:09:21.1'), ('6', '0:08:55.5'), ('7', '0:08:45'), ('8', '0:08:32.4'), ('9', '0:07:57.7'), ('10', '0:07:30.4'), ('11', '0:07:10.2'), ('12', '0:06:59.4'), ('13', '0:06:28'), ('14', '0:04:38.3'), ('15', '0:04:29.1'), ('16', '0:04:24.8'), ('17', '0:04:00.8'), ('18', '0:03:57')]",EdwardL903,1981,win,"[('1', '0:10:00'), ('2', '0:09:57.4'), ('3', '0:09:52.8'), ('4', '0:09:49.5'), ('5', '0:09:46.2'), ('6', '0:09:33.3'), ('7', '0:09:25.4'), ('8', '0:09:15.9'), ('9', '0:08:59.5'), ('10', '0:08:49.7'), ('11', '0:08:43.6'), ('12', '0:08:34.3'), ('13', '0:08:19.3'), ('14', '0:08:12'), ('15', '0:08:03.4'), ('16', '0:07:54.4'), ('17', '0:07:46.3'), ('18', '0:07:40.1'), ('19', '0:07:38.5')]",black,237.0,458.5,18,0.395,0.7641666666666667,"['e5', 'Bb4', 'g6', 'Qe7', 'Kf8', 'd5', 'Nd7', 'Nc5', 'b5', 'Be6', 'Qxc5', 'Bc4', 'g5', 'h6', 'Ke7', 'Bxd3', 'b4', 'Kd6']","['e4', 'Bc4', 'Qh5', 'Qxe5+', 'Qxh8', 'Nf3', 'Bxd5', 'c3', 'cxb4', 'bxc5', 'Bxa8', 'O-O', 'd3', 'Bxg5', 'Bxh6+', 'Qxg8', 'Bd5', 'Qxf7+', 'Qe6#']",none,kingside,0,0,37,-1478
https://www.chess.com/game/live/129069216755,"['e4', 'h6', 'Nf3', 'g6', 'g3', 'f6', 'g4', 'e6', 'g5', 'd6', 'gxf6', 'c6', 'Bc4', 'b6', 'e5', 'a6', 'exd6', 'Bxd6', 'Bxe6', 'Bxe6', 'd4', 'Qxf6', 'c3', 'Ne7', 'Qb3', 'O-O', 'Bxh6', 'Bxb3', 'axb3', 'Qxf3', 'Nd2', 'Qxh1+', 'Ke2', 'Qxa1', 'Ne4', 'Nd5', 'Nxd6', 'Qxb2+', 'Kd3', 'Qxc3+', 'Ke4', 'Qe1+', 'Kd3', 'Rf3+', 'Kc2', 'Rc3+', 'Kb2', 'Qe2+', 'Ka3', 'Qc2', 'f4', 'Qxb3#']",2024-12-27,15:11:53,15:17:15,322,https://www.chess.com/game/live/129069216755,10 + 0,rapid,False,mC3Vgv2Uow1TwE0SEMZRMTYQfAXPCKWOKR9RAS6SlB7Tks!0dr8!cVSrirTvblvhemhalC0JCRajmtjstCseCt9vtkvskjemjqmknDkr,d2563585-c48e-11ef-82f6-6cfe544c0428,rnbqkbnr/pppppppp/8/8/8/8/PPPPPPPP/RNBQKBNR w KQkq - 0 1,rn4k1/8/pppN2pB/3n4/3P1P2/Kqr5/7P/8 w - -,chess,kevinlol456,503,checkmated,"[('1', '0:10:00'), ('2', '0:09:53.7'), ('3', '0:09:21.4'), ('4', '0:09:20.5'), ('5', '0:09:18.7'), ('6', '0:09:17.1'), ('7', '0:08:57.4'), ('8', '0:08:51.7'), ('9', '0:08:50.7'), ('10', '0:08:45.9'), ('11', '0:08:30.6'), ('12', '0:08:24.6'), ('13', '0:08:10.7'), ('14', '0:08:05.6'), ('15', '0:08:03.7'), ('16', '0:07:54.8'), ('17', '0:07:43.5'), ('18', '0:07:34.8'), ('19', '0:07:31.6'), ('20', '0:07:22.3'), ('21', '0:07:20.3'), ('22', '0:07:16.8'), ('23', '0:07:12.5'), ('24', '0:06:58.6'), ('25', '0:06:55.2'), ('26', '0:06:45.3')]",EdwardL903,1981,win,"[('1', '0:10:00'), ('2', '0:09:59.9'), ('3', '0:09:59.8'), ('4', '0:09:59.7'), ('5', '0:09:59.6'), ('6', '0:09:59.5'), ('7', '0:09:59.4'), ('8', '0:09:59.3'), ('9', '0:09:49.2'), ('10', '0:09:44.9'), ('11', '0:09:39.9'), ('12', '0:09:35.1'), ('13', '0:09:28.6'), ('14', '0:09:24.1'), ('15', '0:09:21.7'), ('16', '0:09:11.8'), ('17', '0:09:05.7'), ('18', '0:08:54'), ('19', '0:08:52'), ('20', '0:08:49.9'), ('21', '0:08:38.7'), ('22', '0:08:37.4'), ('23', '0:08:31.4'), ('24', '0:08:26.7'), ('25', '0:08:13.8'), ('26', '0:08:06.5')]",Kings-Pawn-Opening,kevinlol456,503,checkmated,lose,"[('1', '0:10:00'), ('2', '0:09:53.7'), ('3', '0:09:21.4'), ('4', '0:09:20.5'), ('5', '0:09:18.7'), ('6', '0:09:17.1'), ('7', '0:08:57.4'), ('8', '0:08:51.7'), ('9', '0:08:50.7'), ('10', '0:08:45.9'), ('11', '0:08:30.6'), ('12', '0:08:24.6'), ('13', '0:08:10.7'), ('14', '0:08:05.6'), ('15', '0:08:03.7'), ('16', '0:07:54.8'), ('17', '0:07:43.5'), ('18', '0:07:34.8'), ('19', '0:07:31.6'), ('20', '0:07:22.3'), ('21', '0:07:20.3'), ('22', '0:07:16.8'), ('23', '0:07:12.5'), ('24', '0:06:58.6'), ('25', '0:06:55.2'), ('26', '0:06:45.3')]",EdwardL903,1981,win,"[('1', '0:10:00'), ('2', '0:09:59.9'), ('3', '0:09:59.8'), ('4', '0:09:59.7'), ('5', '0:09:59.6'), ('6', '0:09:59.5'), ('7', '0:09:59.4'), ('8', '0:09:59.3'), ('9', '0:09:49.2'), ('10', '0:09:44.9'), ('11', '0:09:39.9'), ('12', '0:09:35.1'), ('13', '0:09:28.6'), ('14', '0:09:24.1'), ('15', '0:09:21.7'), ('16', '0:09:11.8'), ('17', '0:09:05.7'), ('18', '0:08:54'), ('19', '0:08:52'), ('20', '0:08:49.9'), ('21', '0:08:38.7'), ('22', '0:08:37.4'), ('23', '0:08:31.4'), ('24', '0:08:26.7'), ('25', '0:08:13.8'), ('26', '0:08:06.5')]",white,405.3,486.5,26,0.6755,0.8108333333333333,"['e4', 'Nf3', 'g3', 'g4', 'g5', 'gxf6', 'Bc4', 'e5', 'exd6', 'Bxe6', 'd4', 'c3', 'Qb3', 'Bxh6', 'axb3', 'Nd2', 'Ke2', 'Ne4', 'Nxd6', 'Kd3', 'Ke4', 'Kd3', 'Kc2', 'Kb2', 'Ka3', 'f4']","['h6', 'g6', 'f6', 'e6', 'd6', 'c6', 'b6', 'a6', 'Bxd6', 'Bxe6', 'Qxf6', 'Ne7', 'O-O', 'Bxb3', 'Qxf3', 'Qxh1+', 'Qxa1', 'Nd5', 'Qxb2+', 'Qxc3+', 'Qe1+', 'Rf3+', 'Rc3+', 'Qe2+', 'Qc2', 'Qxb3#']",none,kingside,0,0,52,-1478
https://www.chess.com/game/live/129069761165,"['f3', 'c5', 'Kf2', 'd5', 'Ke3', 'e6', 'Kf4', 'Nd7', 'Kg3', 'Bd6+', 'Kf2', 'c4', 'Ke1', 'Qh4+', 'g3', 'Qg5', 'Kf2', 'f5', 'h4', 'Qf6', 'Bh3', 'e5', 'd3', 'Ne7', 'Bg5', 'Qg6', 'dxc4', 'dxc4', 'Nc3', 'Bc5+', 'Kg2', 'b6', 'Nd5', 'Nxd5', 'Qxd5', 'Bb7', 'Qxb7', 'Rb8', 'Qd5', 'h6', 'Rd1', 'hxg5', 'Qxd7+', 'Kf8', 'Bxf5', 'Bxg1', 'Bxg6', 'Rh6', 'Qf7#']",2024-12-27,15:17:27,15:24:54,447,https://www.chess.com/game/live/129069761165,10 + 0,rapid,False,nvYIenZJnu0SuD5ZDw9RwnIAne7FowFMen1LpFMTfxSKlt!0cMTUtAJAbsRInoXPsJ0JdJ6XJX45XJ3VadVMJZ89xLIgLU?VZ1,9574298d-c48f-11ef-82f6-6cfe544c0428,rnbqkbnr/pppppppp/8/8/8/8/PPPPPPPP/RNBQKBNR w KQkq - 0 1,1r3k2/p4Qp1/1p4Br/4p1p1/2p4P/5PP1/PPP1P1K1/3R2bR b - -,chess,EdwardL903,1981,win,"[('1', '0:10:00'), ('2', '0:09:59.9'), ('3', '0:09:59.8'), ('4', '0:09:59.7'), ('5', '0:09:59.6'), ('6', '0:09:59.5'), ('7', '0:09:59.4'), ('8', '0:09:56.1'), ('9', '0:09:32.9'), ('10', '0:09:28.9'), ('11', '0:09:18.9'), ('12', '0:09:14.4'), ('13', '0:09:09.9'), ('14', '0:08:56.3'), ('15', '0:08:47.2'), ('16', '0:08:44.9'), ('17', '0:08:34.2'), ('18', '0:08:34.1'), ('19', '0:08:32'), ('20', '0:08:27'), ('21', '0:08:21.3'), ('22', '0:08:19.3'), ('23', '0:08:14.3'), ('24', '0:08:11'), ('25', '0:08:10.2')]",kevinlol456,503,checkmated,"[('1', '0:10:00'), ('2', '0:09:50.7'), ('3', '0:09:44.8'), ('4', '0:09:42.1'), ('5', '0:09:35.7'), ('6', '0:09:31.9'), ('7', '0:08:53.4'), ('8', '0:08:40.3'), ('9', '0:07:43.6'), ('10', '0:07:14'), ('11', '0:06:56.6'), ('12', '0:06:52.2'), ('13', '0:06:45.6'), ('14', '0:06:41.9'), ('15', '0:06:35.2'), ('16', '0:06:15.3'), ('17', '0:05:47.8'), ('18', '0:05:27.3'), ('19', '0:05:11.2'), ('20', '0:04:53.9'), ('21', '0:04:50.3'), ('22', '0:04:48.6'), ('23', '0:04:42.1'), ('24', '0:04:36')]",Barnes-Opening,kevinlol456,503,checkmated,lose,"[('1', '0:10:00'), ('2', '0:09:50.7'), ('3', '0:09:44.8'), ('4', '0:09:42.1'), ('5', '0:09:35.7'), ('6', '0:09:31.9'), ('7', '0:08:53.4'), ('8', '0:08:40.3'), ('9', '0:07:43.6'), ('10', '0:07:14'), ('11', '0:06:56.6'), ('12', '0:06:52.2'), ('13', '0:06:45.6'), ('14', '0:06:41.9'), ('15', '0:06:35.2'), ('16', '0:06:15.3'), ('17', '0:05:47.8'), ('18', '0:05:27.3'), ('19', '0:05:11.2'), ('20', '0:04:53.9'), ('21', '0:04:50.3'), ('22', '0:04:48.6'), ('23', '0:04:42.1'), ('24', '0:04:36')]",EdwardL903,1981,win,"[('1', '0:10:00'), ('2', '0:09:59.9'), ('3', '0:09:59.8'), ('4', '0:09:59.7'), ('5', '0:09:59.6'), ('6', '0:09:59.5'), ('7', '0:09:59.4'), ('8', '0:09:56.1'), ('9', '0:09:32.9'), ('10', '0:09:28.9'), ('11', '0:09:18.9'), ('12', '0:09:14.4'), ('13', '0:09:09.9'), ('14', '0:08:56.3'), ('15', '0:08:47.2'), ('16', '0:08:44.9'), ('17', '0:08:34.2'), ('18', '0:08:34.1'), ('19', '0:08:32'), ('20', '0:08:27'), ('21', '0:08:21.3'), ('22', '0:08:19.3'), ('23', '0:08:14.3'), ('24', '0:08:11'), ('25', '0:08:10.2')]",black,276.0,490.2,24,0.46,0.817,"['c5', 'd5', 'e6', 'Nd7', 'Bd6+', 'c4', 'Qh4+', 'Qg5', 'f5', 'Qf6', 'e5', 'Ne7', 'Qg6', 'dxc4', 'Bc5+', 'b6', 'Nxd5', 'Bb7', 'Rb8', 'h6', 'hxg5', 'Kf8', 'Bxg1', 'Rh6']","['f3', 'Kf2', 'Ke3', 'Kf4', 'Kg3', 'Kf2', 'Ke1', 'g3', 'Kf2', 'h4', 'Bh3', 'd3', 'Bg5', 'dxc4', 'Nc3', 'Kg2', 'Nd5', 'Qxd5', 'Qxb7', 'Qd5', 'Rd1', 'Qxd7+', 'Bxf5', 'Bxg6', 'Qf7#']",none,none,0,0,49,-1478
https://www.chess.com/game/live/129069857189,"['e4', 'h5', 'Qxh5', 'Rxh5', 'g4', 'Rh8', 'f4', 'a5', 'Bc4', 'a4', 'Bxf7+', 'Kxf7', 'Nc3', 'e5', 'Nxa4', 'Qh4+', 'Kf1', 'Qxg4', 'Kf2', 'Qxf4+', 'Kg2', 'Qxe4+', 'Kg3', 'd5', 'd3', 'Qg4+', 'Kf2', 'Be7', 'Ke3', 'Bg5+', 'Kf2', 'Bh4+', 'Ke3', 'd4+', 'Kd2', 'Bg5+', 'Ke1', 'Rxh2', 'Rxh2', 'Qxg1+', 'Ke2', 'Bg4#']",2024-12-27,15:25:21,15:27:32,131,https://www.chess.com/game/live/129069857189,10 + 0,rapid,False,mC3NdN?NoEN?nDWGfAGyA181bs0Ksy7FefFEfnEDnoDCowZJltCEwn90nu0MunMFnuJBulFMle?phpEgem6E,b02c1b43-c490-11ef-82f6-6cfe544c0428,rnbqkbnr/pppppppp/8/8/8/8/PPPPPPPP/RNBQKBNR w KQkq - 0 1,rn4n1/1pp2kp1/8/4p1b1/N2p2b1/3P4/PPP1K2R/R1B3q1 w - -,chess,kevinlol456,503,checkmated,"[('1', '0:10:00'), ('2', '0:09:46.6'), ('3', '0:09:40.2'), ('4', '0:09:30.4'), ('5', '0:09:25.5'), ('6', '0:09:22.2'), ('7', '0:09:17.6'), ('8', '0:09:16.2'), ('9', '0:09:11.1'), ('10', '0:09:09.9'), ('11', '0:09:08.4'), ('12', '0:09:07.7'), ('13', '0:09:06.7'), ('14', '0:09:03.3'), ('15', '0:08:59.5'), ('16', '0:08:56.6'), ('17', '0:08:55.1'), ('18', '0:08:54.1'), ('19', '0:08:52.6'), ('20', '0:08:51.3'), ('21', '0:08:49.5')]",EdwardL903,1981,win,"[('1', '0:10:00'), ('2', '0:09:55.3'), ('3', '0:09:55.2'), ('4', '0:09:55.1'), ('5', '0:09:55'), ('6', '0:09:52.6'), ('7', '0:09:52.5'), ('8', '0:09:50.9'), ('9', '0:09:50.8'), ('10', '0:09:50'), ('11', '0:09:49.3'), ('12', '0:09:41.9'), ('13', '0:09:35.6'), ('14', '0:09:31'), ('15', '0:09:27.5'), ('16', '0:09:25.6'), ('17', '0:09:24.3'), ('18', '0:09:19.3'), ('19', '0:09:13.1'), ('20', '0:09:11.8'), ('21', '0:09:10.9')]",Kings-Pawn-Opening,kevinlol456,503,checkmated,lose,"[('1', '0:10:00'), ('2', '0:09:46.6'), ('3', '0:09:40.2'), ('4', '0:09:30.4'), ('5', '0:09:25.5'), ('6', '0:09:22.2'), ('7', '0:09:17.6'), ('8', '0:09:16.2'), ('9', '0:09:11.1'), ('10', '0:09:09.9'), ('11', '0:09:08.4'), ('12', '0:09:07.7'), ('13', '0:09:06.7'), ('14', '0:09:03.3'), ('15', '0:08:59.5'), ('16', '0:08:56.6'), ('17', '0:08:55.1'), ('18', '0:08:54.1'), ('19', '0:08:52.6'), ('20', '0:08:51.3'), ('21', '0:08:49.5')]",EdwardL903,1981,win,"[('1', '0:10:00'), ('2', '0:09:55.3'), ('3', '0:09:55.2'), ('4', '0:09:55.1'), ('5', '0:09:55'), ('6', '0:09:52.6'), ('7', '0:09:52.5'), ('8', '0:09:50.9'), ('9', '0:09:50.8'), ('10', '0:09:50'), ('11', '0:09:49.3'), ('12', '0:09:41.9'), ('13', '0:09:35.6'), ('14', '0:09:31'), ('15', '0:09:27.5'), ('16', '0:09:25.6'), ('17', '0:09:24.3'), ('18', '0:09:19.3'), ('19', '0:09:13.1'), ('20', '0:09:11.8'), ('21', '0:09:10.9')]",white,529.5,550.9,21,0.8825,0.9181666666666666,"['e4', 'Qxh5', 'g4', 'f4', 'Bc4', 'Bxf7+', 'Nc3', 'Nxa4', 'Kf1', 'Kf2', 'Kg2', 'Kg3', 'd3', 'Kf2', 'Ke3', 'Kf2', 'Ke3', 'Kd2', 'Ke1', 'Rxh2', 'Ke2']","['h5', 'Rxh5', 'Rh8', 'a5', 'a4', 'Kxf7', 'e5', 'Qh4+', 'Qxg4', 'Qxf4+', 'Qxe4+', 'd5', 'Qg4+', 'Be7', 'Bg5+', 'Bh4+', 'd4+', 'Bg5+', 'Rxh2', 'Qxg1+', 'Bg4#']",none,none,0,0,42,-1478
https://www.chess.com/game/live/129070363483,"['e3', 'c5', 'Ke2', 'b5', 'Qe1', 'b4', 'Kd1', 'Nc6', 'Qe2', 'Qb6', 'Ke1', 'Ba6', 'Qd1', 'O-O-O', 'a4', 'e6', 'a5', 'Nxa5', 'Bxa6+', 'Qxa6', 'Qf3', 'Bd6', 'Nc3', 'Qc6', 'Rxa5', 'Qxf3', 'Nxf3', 'Kb7', 'd4', 'a6', 'Bd2', 'Bc7', 'Ke2', 'Bxa5', 'dxc5', 'Rc8', 'Ra1', 'Rxc5', 'Ne4', 'Rb5', 'Nd4', 'Rb6', 'Rxa5', 'Nf6', 'Ng5', 'h6', 'Nxf7', 'Rc8', 'b3', 'Rxc2', 'Nxc2', 'Rb5', 'Rxb5+', 'axb5', 'Nxb4', 'Nd5', 'Nxd5', 'exd5', 'h4', 'g5', 'g4', 'gxh4', 'g5', 'hxg5', 'Nxg5', 'h3', 'Nxh3', 'd4', 'exd4', 'd6', 'Kd3', 'd5', 'f4', 'b4', 'f5', 'Ka6', 'Bg5', 'Kb5', 'Be7', 'Ka5', 'f6', 'Kb5', 'f7', 'Kc6', 'f8=Q', 'Kd7', 'Qd8+', 'Ke6', 'Qxd5+', 'Kxd5', 'Bxb4', 'Ke6', 'Bc5', 'Kd5', 'Kc3', 'Ke4', 'Kb4', 'Kd3', 'Ka5', 'Kc3', 'Ka6', 'Kxb3', 'Ka7', 'Kc4', 'Nf4', 'Kb5', 'Kb7', 'Kc4', 'd5', 'Kxc5', 'd6', 'Kxd6']",2024-12-27,15:27:24,15:34:48,444,https://www.chess.com/game/live/129070363483,10 + 0,rapid,False,muYIemXHdeHzmd5Qem7Pde6Omd86iy0SyGQGfOPOdv9RbsOQaGQvgv6XlBWOclRYemYGBI76ha6IsCIHvBHPaG!TCM3VM1?6jr6kBkPHGHOHkzTJzJSJpF2MoEMFEMVM1MFxMxJBuBZRmtRJnDHzDLXOlMOHM0HGLTGHT1HQ1~QZ97ZS7JSJ0zJSzISJtsJCszCtzGtsGOsrOWrAxDAHWXHABJAIJRIR,02f0eb89-c491-11ef-82f6-6cfe544c0428,rnbqkbnr/pppppppp/8/8/8/8/PPPPPPPP/RNBQKBNR w KQkq - 0 1,8/1K6/3k4/8/5N2/8/8/8 w - -,chess,EdwardL903,1981,insufficient,"[('1', '0:10:00'), ('2', '0:09:59.9'), ('3', '0:09:59.8'), ('4', '0:09:59.7'), ('5', '0:09:59.6'), ('6', '0:09:59.5'), ('7', '0:09:59.4'), ('8', '0:09:55.6'), ('9', '0:09:45'), ('10', '0:09:42.6'), ('11', '0:09:40.4'), ('12', '0:09:29.6'), ('13', '0:09:22.1'), ('14', '0:09:20.8'), ('15', '0:09:15.4'), ('16', '0:09:11.8'), ('17', '0:09:07.3'), ('18', '0:09:04.6'), ('19', '0:09:00.8'), ('20', '0:08:57.8'), ('21', '0:08:54.8'), ('22', '0:08:52.2'), ('23', '0:08:40.8'), ('24', '0:08:39.1'), ('25', '0:08:35.4'), ('26', '0:08:34.2'), ('27', '0:08:27.9'), ('28', '0:08:27.4'), ('29', '0:08:25.6'), ('30', '0:08:25.1'), ('31', '0:08:25'), ('32', '0:08:23.5'), ('33', '0:08:21.9'), ('34', '0:08:20.9'), ('35', '0:08:19.4'), ('36', '0:08:19'), ('37', '0:08:18.7'), ('38', '0:08:18.6'), ('39', '0:08:18.5'), ('40', '0:08:18.4'), ('41', '0:08:18.3'), ('42', '0:08:18.2'), ('43', '0:08:18.1'), ('44', '0:08:18'), ('45', '0:08:17.9'), ('46', '0:08:14.8'), ('47', '0:08:14.4'), ('48', '0:08:13.2'), ('49', '0:08:13.1'), ('50', '0:08:13'), ('51', '0:08:12.9'), ('52', '0:08:12.8'), ('53', '0:08:10.5'), ('54', '0:08:09.7'), ('55', '0:08:09.6'), ('56', '0:08:09.5')]",kevinlol456,503,insufficient,"[('1', '0:10:00'), ('2', '0:09:49.4'), ('3', '0:09:41.6'), ('4', '0:09:37.9'), ('5', '0:09:30.4'), ('6', '0:09:28.4'), ('7', '0:09:18.5'), ('8', '0:09:07.8'), ('9', '0:09:02.4'), ('10', '0:09:00.9'), ('11', '0:08:49.6'), ('12', '0:08:43.7'), ('13', '0:08:40.8'), ('14', '0:08:31.6'), ('15', '0:08:24'), ('16', '0:08:20.9'), ('17', '0:08:18.7'), ('18', '0:08:02.8'), ('19', '0:07:48.3'), ('20', '0:07:30.6'), ('21', '0:07:20.6'), ('22', '0:07:13.7'), ('23', '0:07:05.9'), ('24', '0:06:55.6'), ('25', '0:06:54'), ('26', '0:06:00.1'), ('27', '0:05:59'), ('28', '0:05:55'), ('29', '0:05:54.2'), ('30', '0:05:52.1'), ('31', '0:05:50.4'), ('32', '0:05:37.3'), ('33', '0:05:35.6'), ('34', '0:05:31.1'), ('35', '0:05:30.4'), ('36', '0:05:29.5'), ('37', '0:05:28.1'), ('38', '0:05:26.9'), ('39', '0:05:25.8'), ('40', '0:05:24.6'), ('41', '0:05:23.5'), ('42', '0:05:19.3'), ('43', '0:05:18.3'), ('44', '0:05:17.1'), ('45', '0:05:16.2'), ('46', '0:05:14.3'), ('47', '0:05:12.3'), ('48', '0:05:11.3'), ('49', '0:05:10.3'), ('50', '0:05:09.1'), ('51', '0:05:08.3'), ('52', '0:05:05.8'), ('53', '0:05:00.1'), ('54', '0:04:56.3'), ('55', '0:04:55.3'), ('56', '0:04:54.5')]",Van-t-Kruijs-Opening,kevinlol456,503,insufficient,draw,"[('1', '0:10:00'), ('2', '0:09:49.4'), ('3', '0:09:41.6'), ('4', '0:09:37.9'), ('5', '0:09:30.4'), ('6', '0:09:28.4'), ('7', '0:09:18.5'), ('8', '0:09:07.8'), ('9', '0:09:02.4'), ('10', '0:09:00.9'), ('11', '0:08:49.6'), ('12', '0:08:43.7'), ('13', '0:08:40.8'), ('14', '0:08:31.6'), ('15', '0:08:24'), ('16', '0:08:20.9'), ('17', '0:08:18.7'), ('18', '0:08:02.8'), ('19', '0:07:48.3'), ('20', '0:07:30.6'), ('21', '0:07:20.6'), ('22', '0:07:13.7'), ('23', '0:07:05.9'), ('24', '0:06:55.6'), ('25', '0:06:54'), ('26', '0:06:00.1'), ('27', '0:05:59'), ('28', '0:05:55'), ('29', '0:05:54.2'), ('30', '0:05:52.1'), ('31', '0:05:50.4'), ('32', '0:05:37.3'), ('33', '0:05:35.6'), ('34', '0:05:31.1'), ('35', '0:05:30.4'), ('36', '0:05:29.5'), ('37', '0:05:28.1'), ('38', '0:05:26.9'), ('39', '0:05:25.8'), ('40', '0:05:24.6'), ('41', '0:05:23.5'), ('42', '0:05:19.3'), ('43', '0:05:18.3'), ('44', '0:05:17.1'), ('45', '0:05:16.2'), ('46', '0:05:14.3'), ('47', '0:05:12.3'), ('48', '0:05:11.3'), ('49', '0:05:10.3'), ('50', '0:05:09.1'), ('51', '0:05:08.3'), ('52', '0:05:05.8'), ('53', '0:05:00.1'), ('54', '0:04:56.3'), ('55', '0:04:55.3'), ('56', '0:04:54.5')]",EdwardL903,1981,insufficient,"[('1', '0:10:00'), ('2', '0:09:59.9'), ('3', '0:09:59.8'), ('4', '0:09:59.7'), ('5', '0:09:59.6'), ('6', '0:09:59.5'), ('7', '0:09:59.4'), ('8', '0:09:55.6'), ('9', '0:09:45'), ('10', '0:09:42.6'), ('11', '0:09:40.4'), ('12', '0:09:29.6'), ('13', '0:09:22.1'), ('14', '0:09:20.8'), ('15', '0:09:15.4'), ('16', '0:09:11.8'), ('17', '0:09:07.3'), ('18', '0:09:04.6'), ('19', '0:09:00.8'), ('20', '0:08:57.8'), ('21', '0:08:54.8'), ('22', '0:08:52.2'), ('23', '0:08:40.8'), ('24', '0:08:39.1'), ('25', '0:08:35.4'), ('26', '0:08:34.2'), ('27', '0:08:27.9'), ('28', '0:08:27.4'), ('29', '0:08:25.6'), ('30', '0:08:25.1'), ('31', '0:08:25'), ('32', '0:08:23.5'), ('33', '0:08:21.9'), ('34', '0:08:20.9'), ('35', '0:08:19.4'), ('36', '0:08:19'), ('37', '0:08:18.7'), ('38', '0:08:18.6'), ('39', '0:08:18.5'), ('40', '0:08:18.4'), ('41', '0:08:18.3'), ('42', '0:08:18.2'), ('43', '0:08:18.1'), ('44', '0:08:18'), ('45', '0:08:17.9'), ('46', '0:08:14.8'), ('47', '0:08:14.4'), ('48', '0:08:13.2'), ('49', '0:08:13.1'), ('50', '0:08:13'), ('51', '0:08:12.9'), ('52', '0:08:12.8'), ('53', '0:08:10.5'), ('54', '0:08:09.7'), ('55', '0:08:09.6'), ('56', '0:08:09.5')]",black,294.5,489.5,56,0.49083333333333334,0.8158333333333333,"['c5', 'b5', 'b4', 'Nc6', 'Qb6', 'Ba6', 'O-O-O', 'e6', 'Nxa5', 'Qxa6', 'Bd6', 'Qc6', 'Qxf3', 'Kb7', 'a6', 'Bc7', 'Bxa5', 'Rc8', 'Rxc5', 'Rb5', 'Rb6', 'Nf6', 'h6', 'Rc8', 'Rxc2', 'Rb5', 'axb5', 'Nd5', 'exd5', 'g5', 'gxh4', 'hxg5', 'h3', 'd4', 'd6', 'd5', 'b4', 'Ka6', 'Kb5', 'Ka5', 'Kb5', 'Kc6', 'Kd7', 'Ke6', 'Kxd5', 'Ke6', 'Kd5', 'Ke4', 'Kd3', 'Kc3', 'Kxb3', 'Kc4', 'Kb5', 'Kc4', 'Kxc5', 'Kxd6']","['e3', 'Ke2', 'Qe1', 'Kd1', 'Qe2', 'Ke1', 'Qd1', 'a4', 'a5', 'Bxa6+', 'Qf3', 'Nc3', 'Rxa5', 'Nxf3', 'd4', 'Bd2', 'Ke2', 'dxc5', 'Ra1', 'Ne4', 'Nd4', 'Rxa5', 'Ng5', 'Nxf7', 'b3', 'Nxc2', 'Rxb5+', 'Nxb4', 'Nxd5', 'h4', 'g4', 'g5', 'Nxg5', 'Nxh3', 'exd4', 'Kd3', 'f4', 'f5', 'Bg5', 'Be7', 'f6', 'f7', 'f8=Q', 'Qd8+', 'Qxd5+', 'Bxb4', 'Bc5', 'Kc3', 'Kb4', 'Ka5', 'Ka6', 'Ka7', 'Nf4', 'Kb7', 'd5', 'd6']",queenside,none,0,0,112,-1478
https://www.chess.com/game/live/129070455117,"['c3', 'e5', 'd4', 'Qh4', 'g3', 'Qf6', 'f4', 'Nh6', 'Nf3', 'e4', 'Ng5', 'Ng4', 'Bg2', 'e3', 'Qd3', 'h6', 'Bxe3', 'hxg5', 'fxg5', 'Qb6', 'Qe4+', 'Be7', 'Bc1', 'Qxb2', 'Bxb2', 'd5', 'Qxd5', 'Nc6', 'g6', 'Be6', 'Qf3', 'O-O-O', 'Bc1', 'fxg6', 'h3', 'Rhf8', 'Qe4', 'Rf6', 'Bf4', 'Bd5', 'Qf3', 'Bxf3', 'Bxf3', 'Nh6', 'O-O', 'Rh8', 'Nd2', 'Nf5', 'Bg4', 'Kb8', 'h4', 'Nd8', 'Nb3', 'Ne6', 'Bxf5', 'gxf5', 'Nc5', 'Nxc5', 'c4', 'Ne4', 'Rac1', 'Rg6', 'c5', 'Rxh4', 'Rf3', 'Rh3', 'c6', 'b6', 'd5', 'Bd6']",2024-12-27,15:37:12,15:53:16,964,https://www.chess.com/game/live/129070455117,10 + 0,rapid,False,ks0KlB7FowFTnD!VgvKCvMVEfoCudt3VcuVMDMTPtC90ucPjcjZJCJ5QMU6SJv86jc1Upx?9vC9TcDSJCvJvovEVeg7?blVLvE65xFQ7lr7SELULrISIsAICacTUAI?FfvFxIQXPBJ0R,19522ddd-c492-11ef-82f6-6cfe544c0428,rnbqkbnr/pppppppp/8/8/8/8/PPPPPPPP/RNBQKBNR w KQkq - 0 1,1k6/p1p3p1/1pPb2r1/3P1p2/4nB2/5RPr/P3P3/2R3K1 w - -,chess,kevinlol456,503,timeout,"[('1', '0:10:00'), ('2', '0:09:56.9'), ('3', '0:09:52.5'), ('4', '0:09:48.5'), ('5', '0:09:32.3'), ('6', '0:09:26'), ('7', '0:08:22.9'), ('8', '0:08:05.2'), ('9', '0:08:02.7'), ('10', '0:07:38.8'), ('11', '0:06:11.4'), ('12', '0:05:53.5'), ('13', '0:05:52.1'), ('14', '0:05:25'), ('15', '0:04:45.8'), ('16', '0:04:06.5'), ('17', '0:03:38.2'), ('18', '0:03:03.2'), ('19', '0:02:50.7'), ('20', '0:02:19.8'), ('21', '0:01:57.3'), ('22', '0:01:56.1'), ('23', '0:01:45.6'), ('24', '0:01:38.7'), ('25', '0:02:11.5'), ('26', '0:02:22.9'), ('27', '0:02:17.5'), ('28', '0:01:51'), ('29', '0:01:40.1'), ('30', '0:01:16.6'), ('31', '0:01:02.4'), ('32', '0:00:48'), ('33', '0:00:20.5'), ('34', '0:00:16.7'), ('35', '0:00:13')]",EdwardL903,1981,win,"[('1', '0:10:00'), ('2', '0:09:57'), ('3', '0:09:52.6'), ('4', '0:09:47.1'), ('5', '0:09:37.3'), ('6', '0:09:31.5'), ('7', '0:09:21.4'), ('8', '0:09:07.6'), ('9', '0:09:05.7'), ('10', '0:08:53.7'), ('11', '0:08:43.4'), ('12', '0:08:43.3'), ('13', '0:08:37.4'), ('14', '0:08:25.8'), ('15', '0:08:13.4'), ('16', '0:07:47.4'), ('17', '0:07:33'), ('18', '0:07:32.9'), ('19', '0:06:50.4'), ('20', '0:06:21.4'), ('21', '0:06:08.1'), ('22', '0:06:03.7'), ('23', '0:05:56.1'), ('24', '0:05:46.2'), ('25', '0:05:38.7'), ('26', '0:05:26.7'), ('27', '0:05:19.9'), ('28', '0:05:05.5'), ('29', '0:04:58'), ('30', '0:04:53.7'), ('31', '0:04:44.3'), ('32', '0:04:40.6'), ('33', '0:04:31.6'), ('34', '0:04:24.2'), ('35', '0:04:14.4')]",Saragossa-Opening,kevinlol456,503,timeout,lose,"[('1', '0:10:00'), ('2', '0:09:56.9'), ('3', '0:09:52.5'), ('4', '0:09:48.5'), ('5', '0:09:32.3'), ('6', '0:09:26'), ('7', '0:08:22.9'), ('8', '0:08:05.2'), ('9', '0:08:02.7'), ('10', '0:07:38.8'), ('11', '0:06:11.4'), ('12', '0:05:53.5'), ('13', '0:05:52.1'), ('14', '0:05:25'), ('15', '0:04:45.8'), ('16', '0:04:06.5'), ('17', '0:03:38.2'), ('18', '0:03:03.2'), ('19', '0:02:50.7'), ('20', '0:02:19.8'), ('21', '0:01:57.3'), ('22', '0:01:56.1'), ('23', '0:01:45.6'), ('24', '0:01:38.7'), ('25', '0:02:11.5'), ('26', '0:02:22.9'), ('27', '0:02:17.5'), ('28', '0:01:51'), ('29', '0:01:40.1'), ('30', '0:01:16.6'), ('31', '0:01:02.4'), ('32', '0:00:48'), ('33', '0:00:20.5'), ('34', '0:00:16.7'), ('35', '0:00:13')]",EdwardL903,1981,win,"[('1', '0:10:00'), ('2', '0:09:57'), ('3', '0:09:52.6'), ('4', '0:09:47.1'), ('5', '0:09:37.3'), ('6', '0:09:31.5'), ('7', '0:09:21.4'), ('8', '0:09:07.6'), ('9', '0:09:05.7'), ('10', '0:08:53.7'), ('11', '0:08:43.4'), ('12', '0:08:43.3'), ('13', '0:08:37.4'), ('14', '0:08:25.8'), ('15', '0:08:13.4'), ('16', '0:07:47.4'), ('17', '0:07:33'), ('18', '0:07:32.9'), ('19', '0:06:50.4'), ('20', '0:06:21.4'), ('21', '0:06:08.1'), ('22', '0:06:03.7'), ('23', '0:05:56.1'), ('24', '0:05:46.2'), ('25', '0:05:38.7'), ('26', '0:05:26.7'), ('27', '0:05:19.9'), ('28', '0:05:05.5'), ('29', '0:04:58'), ('30', '0:04:53.7'), ('31', '0:04:44.3'), ('32', '0:04:40.6'), ('33', '0:04:31.6'), ('34', '0:04:24.2'), ('35', '0:04:14.4')]",white,0.0,254.4,35,0.0,0.424,"['c3', 'd4', 'g3', 'f4', 'Nf3', 'Ng5', 'Bg2', 'Qd3', 'Bxe3', 'fxg5', 'Qe4+', 'Bc1', 'Bxb2', 'Qxd5', 'g6', 'Qf3', 'Bc1', 'h3', 'Qe4', 'Bf4', 'Qf3', 'Bxf3', 'O-O', 'Nd2', 'Bg4', 'h4', 'Nb3', 'Bxf5', 'Nc5', 'c4', 'Rac1', 'c5', 'Rf3', 'c6', 'd5']","['e5', 'Qh4', 'Qf6', 'Nh6', 'e4', 'Ng4', 'e3', 'h6', 'hxg5', 'Qb6', 'Be7', 'Qxb2', 'd5', 'Nc6', 'Be6', 'O-O-O', 'fxg6', 'Rhf8', 'Rf6', 'Bd5', 'Bxf3', 'Nh6', 'Rh8', 'Nf5', 'Kb8', 'Nd8', 'Ne6', 'gxf5', 'Nxc5', 'Ne4', 'Rg6', 'Rxh4', 'Rh3', 'b6', 'Bd6']",kingside,queenside,0,0,70,-1478
https://www.chess.com/game/live/121749028180,"['e4', 'e5', 'Bc4', 'Nf6', 'Nc3', 'd6', 'Nf3', 'c5', 'Ng5', 'Bg4', 'f3', 'Bh5', 'g4', 'Bg6', 'd3', 'd5', 'Bb5+', 'Qd7', 'Bxd7+']",2024-12-27,15:57:28,16:01:09,221,https://www.chess.com/game/live/121749028180,10 + 0,rapid,True,mC0KfA!TbsZRgvYIvM6EnvENoENUltRJAH7ZHZ,2dee55e6-c495-11ef-87a2-9d6bf601000f,rnbqkbnr/pppppppp/8/8/8/8/PPPPPPPP/RNBQKBNR w KQkq - 0 1,rn2kb1r/pp1B1ppp/5nb1/2ppp1N1/4P1P1/2NP1P2/PPP4P/R1BQK2R b KQkq -,chess,Jamesforo,514,win,"[('1', '0:09:58.9'), ('2', '0:09:55.7'), ('3', '0:09:50.6'), ('4', '0:09:48.9'), ('5', '0:09:46.6'), ('6', '0:09:38.7'), ('7', '0:09:30.5'), ('8', '0:09:23.8'), ('9', '0:09:14.1'), ('10', '0:09:10.7')]",kevinlol456,478,resigned,"[('1', '0:09:53.9'), ('2', '0:09:12.9'), ('3', '0:09:05.4'), ('4', '0:08:33.8'), ('5', '0:08:14.2'), ('6', '0:08:04.3'), ('7', '0:07:39.3'), ('8', '0:07:18.6'), ('9', '0:07:16.2')]",Vienna-Game,kevinlol456,478,resigned,lose,"[('1', '0:09:53.9'), ('2', '0:09:12.9'), ('3', '0:09:05.4'), ('4', '0:08:33.8'), ('5', '0:08:14.2'), ('6', '0:08:04.3'), ('7', '0:07:39.3'), ('8', '0:07:18.6'), ('9', '0:07:16.2')]",Jamesforo,514,win,"[('1', '0:09:58.9'), ('2', '0:09:55.7'), ('3', '0:09:50.6'), ('4', '0:09:48.9'), ('5', '0:09:46.6'), ('6', '0:09:38.7'), ('7', '0:09:30.5'), ('8', '0:09:23.8'), ('9', '0:09:14.1'), ('10', '0:09:10.7')]",black,436.2,550.7,9,0.727,0.9178333333333334,"['e5', 'Nf6', 'd6', 'c5', 'Bg4', 'Bh5', 'Bg6', 'd5', 'Qd7']","['e4', 'Bc4', 'Nc3', 'Nf3', 'Ng5', 'f3', 'g4', 'd3', 'Bb5+', 'Bxd7+']",none,none,0,0,19,-36
https://www.chess.com/game/live/121772074230,"['e4', 'e5', 'g3', 'Nf6', 'd3', 'Bb4+', 'c3', 'Ba5', 'b4', 'Bb6', 'a4', 'Nc6', 'a5']",2024-12-28,17:25:10,17:26:28,78,https://www.chess.com/game/live/121772074230,10 + 0,rapid,True,mC0Kow!Tlt9zkszGjzGPiy5QyG,98b8d5e1-c56a-11ef-997c-6bce7001000f,rnbqkbnr/pppppppp/8/8/8/8/PPPPPPPP/RNBQKBNR w KQkq - 0 1,r1bqk2r/pppp1ppp/1bn2n2/P3p3/1P2P3/2PP2P1/5P1P/RNBQKBNR b KQkq -,chess,j3l3n,508,win,"[('1', '0:09:59.9'), ('2', '0:09:58.9'), ('3', '0:09:57.6'), ('4', '0:09:56.3'), ('5', '0:09:54.8'), ('6', '0:09:53.7'), ('7', '0:09:52.5')]",kevinlol456,456,resigned,"[('1', '0:09:56.9'), ('2', '0:09:53.6'), ('3', '0:09:42.2'), ('4', '0:09:38.3'), ('5', '0:09:33.3'), ('6', '0:09:31.2')]",Kings-Pawn-Opening,kevinlol456,456,resigned,lose,"[('1', '0:09:56.9'), ('2', '0:09:53.6'), ('3', '0:09:42.2'), ('4', '0:09:38.3'), ('5', '0:09:33.3'), ('6', '0:09:31.2')]",j3l3n,508,win,"[('1', '0:09:59.9'), ('2', '0:09:58.9'), ('3', '0:09:57.6'), ('4', '0:09:56.3'), ('5', '0:09:54.8'), ('6', '0:09:53.7'), ('7', '0:09:52.5')]",black,571.2,592.5,6,0.9520000000000001,0.9875,"['e5', 'Nf6', 'Bb4+', 'Ba5', 'Bb6', 'Nc6']","['e4', 'g3', 'd3', 'c3', 'b4', 'a4', 'a5']",none,none,0,0,13,-52
https://www.chess.com/game/live/121772108602,"['e4', 'e5', 'Bc4', 'd6', 'd3', 'c6', 'Nf3', 'd5', 'exd5', 'cxd5', 'Bb5+', 'Nc6', 'd4', 'f6', 'dxe5', 'Bd7', 'O-O', 'fxe5', 'Bg5', 'Be7', 'Re1', 'Bf6', 'Nc3', 'h6', 'Bxf6', 'gxf6', 'Nxd5', 'Qa5', 'c4', 'a6', 'Bxc6', 'bxc6', 'b4', 'Qxb4', 'Nxb4']",2024-12-28,17:27:33,17:34:36,423,https://www.chess.com/game/live/121772108602,10 + 0,rapid,True,mC0KfAZRltYQgvRJCJQJAH5QtB1TBK6ZegTKcM90fe0Tbs3VMT2TsJ7GkAWOHQXQjzGzJz,efc2a2be-c56a-11ef-8893-df8f3801000f,rnbqkbnr/pppppppp/8/8/8/8/PPPPPPPP/RNBQKBNR w KQkq - 0 1,r3k1nr/3b4/p1p2p1p/4p3/1NP5/5N2/P4PPP/R2QR1K1 b kq -,chess,LeCrossoverUrbain,458,win,"[('1', '0:09:59.9'), ('2', '0:09:58.5'), ('3', '0:09:57.2'), ('4', '0:09:52.7'), ('5', '0:09:50.9'), ('6', '0:09:47'), ('7', '0:09:36.8'), ('8', '0:09:23'), ('9', '0:09:13.3'), ('10', '0:08:59.6'), ('11', '0:08:47.7'), ('12', '0:08:27.1'), ('13', '0:08:16.3'), ('14', '0:08:12.4'), ('15', '0:07:42.1'), ('16', '0:07:34.6'), ('17', '0:07:31.4'), ('18', '0:07:26.5')]",kevinlol456,434,resigned,"[('1', '0:09:56.4'), ('2', '0:09:39.5'), ('3', '0:09:33.1'), ('4', '0:09:25.9'), ('5', '0:09:25'), ('6', '0:09:19.7'), ('7', '0:09:11.7'), ('8', '0:08:57.3'), ('9', '0:08:50.2'), ('10', '0:08:36.1'), ('11', '0:08:05.2'), ('12', '0:07:48.5'), ('13', '0:07:45.3'), ('14', '0:07:12.3'), ('15', '0:06:33.1'), ('16', '0:06:10.3'), ('17', '0:05:57.8')]",Bishops-Opening,kevinlol456,434,resigned,lose,"[('1', '0:09:56.4'), ('2', '0:09:39.5'), ('3', '0:09:33.1'), ('4', '0:09:25.9'), ('5', '0:09:25'), ('6', '0:09:19.7'), ('7', '0:09:11.7'), ('8', '0:08:57.3'), ('9', '0:08:50.2'), ('10', '0:08:36.1'), ('11', '0:08:05.2'), ('12', '0:07:48.5'), ('13', '0:07:45.3'), ('14', '0:07:12.3'), ('15', '0:06:33.1'), ('16', '0:06:10.3'), ('17', '0:05:57.8')]",LeCrossoverUrbain,458,win,"[('1', '0:09:59.9'), ('2', '0:09:58.5'), ('3', '0:09:57.2'), ('4', '0:09:52.7'), ('5', '0:09:50.9'), ('6', '0:09:47'), ('7', '0:09:36.8'), ('8', '0:09:23'), ('9', '0:09:13.3'), ('10', '0:08:59.6'), ('11', '0:08:47.7'), ('12', '0:08:27.1'), ('13', '0:08:16.3'), ('14', '0:08:12.4'), ('15', '0:07:42.1'), ('16', '0:07:34.6'), ('17', '0:07:31.4'), ('18', '0:07:26.5')]",black,357.8,446.5,17,0.5963333333333334,0.7441666666666666,"['e5', 'd6', 'c6', 'd5', 'cxd5', 'Nc6', 'f6', 'Bd7', 'fxe5', 'Be7', 'Bf6', 'h6', 'gxf6', 'Qa5', 'a6', 'bxc6', 'Qxb4']","['e4', 'Bc4', 'd3', 'Nf3', 'exd5', 'Bb5+', 'd4', 'dxe5', 'O-O', 'Bg5', 'Re1', 'Nc3', 'Bxf6', 'Nxd5', 'c4', 'Bxc6', 'b4', 'Nxb4']",none,kingside,0,0,35,-24
https://www.chess.com/game/live/121818486758,"['c4', 'e5', 'Nc3', 'Bc5', 'e3', 'd6', 'd3', 'Nf6', 'f4', 'exf4', 'exf4', 'Bg4', 'Be2', 'Qe7', 'Na4', 'Bf2+', 'Kxf2', 'O-O', 'h3', 'Bh5', 'g4', 'Bg6', 'b3', 'd5', 'Nc3', 'dxc4', 'dxc4', 'Ne4+', 'Ke1', 'Nxc3']",2024-12-31,20:13:04,20:21:00,476,https://www.chess.com/game/live/121818486758,10 + 0,rapid,True,kA0Kbs9ImuZRlt!TnDKDuD6Efm70syInen8!pxENoENUjrRJysJAtATCneCs,5e0231bf-c714-11ef-8893-df8f3801000f,rnbqkbnr/pppppppp/8/8/8/8/PPPPPPPP/RNBQKBNR w KQkq - 0 1,rn3rk1/ppp1qppp/6b1/8/2P2PP1/1Pn4P/P3B3/R1BQK1NR w - -,chess,kevinlol456,414,resigned,"[('1', '0:09:46.2'), ('2', '0:09:28.2'), ('3', '0:09:01.1'), ('4', '0:08:49.2'), ('5', '0:08:40.9'), ('6', '0:08:37.6'), ('7', '0:08:28'), ('8', '0:07:58.5'), ('9', '0:07:48.5'), ('10', '0:07:29.6'), ('11', '0:07:19.6'), ('12', '0:06:25.7'), ('13', '0:06:08.7'), ('14', '0:05:41.8'), ('15', '0:05:19.5')]",Jasjuicee,464,win,"[('1', '0:09:45.5'), ('2', '0:09:36.9'), ('3', '0:09:28.8'), ('4', '0:09:25.7'), ('5', '0:09:07.3'), ('6', '0:09:01.9'), ('7', '0:08:41'), ('8', '0:08:36.9'), ('9', '0:08:14.9'), ('10', '0:08:04.9'), ('11', '0:07:46.2'), ('12', '0:07:25.4'), ('13', '0:07:18.7'), ('14', '0:07:10.3'), ('15', '0:07:03.4')]",English-Opening,kevinlol456,414,resigned,lose,"[('1', '0:09:46.2'), ('2', '0:09:28.2'), ('3', '0:09:01.1'), ('4', '0:08:49.2'), ('5', '0:08:40.9'), ('6', '0:08:37.6'), ('7', '0:08:28'), ('8', '0:07:58.5'), ('9', '0:07:48.5'), ('10', '0:07:29.6'), ('11', '0:07:19.6'), ('12', '0:06:25.7'), ('13', '0:06:08.7'), ('14', '0:05:41.8'), ('15', '0:05:19.5')]",Jasjuicee,464,win,"[('1', '0:09:45.5'), ('2', '0:09:36.9'), ('3', '0:09:28.8'), ('4', '0:09:25.7'), ('5', '0:09:07.3'), ('6', '0:09:01.9'), ('7', '0:08:41'), ('8', '0:08:36.9'), ('9', '0:08:14.9'), ('10', '0:08:04.9'), ('11', '0:07:46.2'), ('12', '0:07:25.4'), ('13', '0:07:18.7'), ('14', '0:07:10.3'), ('15', '0:07:03.4')]",white,319.5,423.4,15,0.5325,0.7056666666666667,"['c4', 'Nc3', 'e3', 'd3', 'f4', 'exf4', 'Be2', 'Na4', 'Kxf2', 'h3', 'g4', 'b3', 'Nc3', 'dxc4', 'Ke1']","['e5', 'Bc5', 'd6', 'Nf6', 'exf4', 'Bg4', 'Qe7', 'Bf2+', 'O-O', 'Bh5', 'Bg6', 'd5', 'dxc4', 'Ne4+', 'Nxc3']",none,kingside,0,0,30,-50
